distance (sum),step,real batch size,p,point,sigma,correct,accuracy,points,batch_size,num_iters,alpha,num_batches,lr,cn,epochs,dp,eps,optimizer,dataset,model,norm_type,save_freq,save_name,res_name,gamma,dec_lr,id,seed,overwrite,poisson_train,stage,reduction,exp,less_point
0.0008897735,0,10,0.0042666666666666,0,0.57891845703125,0,0.0823,0,256,20,8,100,0.1,1,40,1,10,sgd,MNIST,lenet,gn,100,ckpt7,res7,,,,6772,0,1,0.0,sum,eps_delta,0
0.0009589008,0,10,0.0042666666666666,1,0.57891845703125,0,0.0823,1,256,20,8,100,0.1,1,40,1,10,sgd,MNIST,lenet,gn,100,ckpt7,res7,,,,6772,0,1,0.0,sum,eps_delta,0
0.0008559784,0,10,0.0042666666666666,2,0.57891845703125,0,0.0823,2,256,20,8,100,0.1,1,40,1,10,sgd,MNIST,lenet,gn,100,ckpt7,res7,,,,6772,0,1,0.0,sum,eps_delta,0
0.0008896433,0,10,0.0042666666666666,3,0.57891845703125,0,0.0823,3,256,20,8,100,0.1,1,40,1,10,sgd,MNIST,lenet,gn,100,ckpt7,res7,,,,6772,0,1,0.0,sum,eps_delta,0
0.00085857225,0,10,0.0042666666666666,4,0.57891845703125,0,0.0823,4,256,20,8,100,0.1,1,40,1,10,sgd,MNIST,lenet,gn,100,ckpt7,res7,,,,6772,0,1,0.0,sum,eps_delta,0
0.0009326522,0,10,0.0042666666666666,5,0.57891845703125,1,0.0823,5,256,20,8,100,0.1,1,40,1,10,sgd,MNIST,lenet,gn,100,ckpt7,res7,,,,6772,0,1,0.0,sum,eps_delta,0
0.0009258664,0,10,0.0042666666666666,6,0.57891845703125,0,0.0823,6,256,20,8,100,0.1,1,40,1,10,sgd,MNIST,lenet,gn,100,ckpt7,res7,,,,6772,0,1,0.0,sum,eps_delta,0
0.0009578742,0,10,0.0042666666666666,7,0.57891845703125,0,0.0823,7,256,20,8,100,0.1,1,40,1,10,sgd,MNIST,lenet,gn,100,ckpt7,res7,,,,6772,0,1,0.0,sum,eps_delta,0
0.00081632263,0,10,0.0042666666666666,8,0.57891845703125,0,0.0823,8,256,20,8,100,0.1,1,40,1,10,sgd,MNIST,lenet,gn,100,ckpt7,res7,,,,6772,0,1,0.0,sum,eps_delta,0
0.00095604337,0,10,0.0042666666666666,9,0.57891845703125,0,0.0823,9,256,20,8,100,0.1,1,40,1,10,sgd,MNIST,lenet,gn,100,ckpt7,res7,,,,6772,0,1,0.0,sum,eps_delta,0
0.0039062439464032,200,10,0.0042666666666666,0,0.57891845703125,0,0.5056,0,256,20,8,100,0.1,1,40,1,10,sgd,MNIST,lenet,gn,100,ckpt7,res7,,,,30267,0,1,0.025,sum,eps_delta,0
5.021190372644924e-05,200,10,0.0042666666666666,1,0.57891845703125,1,0.5056,1,256,20,8,100,0.1,1,40,1,10,sgd,MNIST,lenet,gn,100,ckpt7,res7,,,,30267,0,1,0.025,sum,eps_delta,0
0.0039062509313225,200,10,0.0042666666666666,2,0.57891845703125,0,0.5056,2,256,20,8,100,0.1,1,40,1,10,sgd,MNIST,lenet,gn,100,ckpt7,res7,,,,30267,0,1,0.025,sum,eps_delta,0
0.003906256519258,200,10,0.0042666666666666,3,0.57891845703125,1,0.5056,3,256,20,8,100,0.1,1,40,1,10,sgd,MNIST,lenet,gn,100,ckpt7,res7,,,,30267,0,1,0.025,sum,eps_delta,0
0.00140726857353,200,10,0.0042666666666666,4,0.57891845703125,1,0.5056,4,256,20,8,100,0.1,1,40,1,10,sgd,MNIST,lenet,gn,100,ckpt7,res7,,,,30267,0,1,0.025,sum,eps_delta,0
0.003906249301508,200,10,0.0042666666666666,5,0.57891845703125,0,0.5056,5,256,20,8,100,0.1,1,40,1,10,sgd,MNIST,lenet,gn,100,ckpt7,res7,,,,30267,0,1,0.025,sum,eps_delta,0
0.0039062509313225,200,10,0.0042666666666666,6,0.57891845703125,0,0.5056,6,256,20,8,100,0.1,1,40,1,10,sgd,MNIST,lenet,gn,100,ckpt7,res7,,,,30267,0,1,0.025,sum,eps_delta,0
0.003906246041879,200,10,0.0042666666666666,7,0.57891845703125,0,0.5056,7,256,20,8,100,0.1,1,40,1,10,sgd,MNIST,lenet,gn,100,ckpt7,res7,,,,30267,0,1,0.025,sum,eps_delta,0
0.0001578493975102,200,10,0.0042666666666666,8,0.57891845703125,1,0.5056,8,256,20,8,100,0.1,1,40,1,10,sgd,MNIST,lenet,gn,100,ckpt7,res7,,,,30267,0,1,0.025,sum,eps_delta,0
0.0021323808468878,200,10,0.0042666666666666,9,0.57891845703125,1,0.5056,9,256,20,8,100,0.1,1,40,1,10,sgd,MNIST,lenet,gn,100,ckpt7,res7,,,,30267,0,1,0.025,sum,eps_delta,0
0.0039062453433871,500,10,0.0042666666666666,0,0.57891845703125,0,0.4933,0,256,20,8,100,0.1,1,40,1,10,sgd,MNIST,lenet,gn,100,ckpt7,res7,,,,26390,0,1,0.05,sum,eps_delta,0
8.637956489110366e-05,500,10,0.0042666666666666,1,0.57891845703125,1,0.4933,1,256,20,8,100,0.1,1,40,1,10,sgd,MNIST,lenet,gn,100,ckpt7,res7,,,,26390,0,1,0.05,sum,eps_delta,0
0.0039062430150806,500,10,0.0042666666666666,2,0.57891845703125,0,0.4933,2,256,20,8,100,0.1,1,40,1,10,sgd,MNIST,lenet,gn,100,ckpt7,res7,,,,26390,0,1,0.05,sum,eps_delta,0
9.301631394009746e-07,500,10,0.0042666666666666,3,0.57891845703125,1,0.4933,3,256,20,8,100,0.1,1,40,1,10,sgd,MNIST,lenet,gn,100,ckpt7,res7,,,,26390,0,1,0.05,sum,eps_delta,0
1.2116601944001104e-08,500,10,0.0042666666666666,4,0.57891845703125,1,0.4933,4,256,20,8,100,0.1,1,40,1,10,sgd,MNIST,lenet,gn,100,ckpt7,res7,,,,26390,0,1,0.05,sum,eps_delta,0
0.0039062474388629,500,10,0.0042666666666666,5,0.57891845703125,0,0.4933,5,256,20,8,100,0.1,1,40,1,10,sgd,MNIST,lenet,gn,100,ckpt7,res7,,,,26390,0,1,0.05,sum,eps_delta,0
0.0003952771658077,500,10,0.0042666666666666,6,0.57891845703125,1,0.4933,6,256,20,8,100,0.1,1,40,1,10,sgd,MNIST,lenet,gn,100,ckpt7,res7,,,,26390,0,1,0.05,sum,eps_delta,0
0.0039062635041773,500,10,0.0042666666666666,7,0.57891845703125,0,0.4933,7,256,20,8,100,0.1,1,40,1,10,sgd,MNIST,lenet,gn,100,ckpt7,res7,,,,26390,0,1,0.05,sum,eps_delta,0
1.1680019269988406e-05,500,10,0.0042666666666666,8,0.57891845703125,1,0.4933,8,256,20,8,100,0.1,1,40,1,10,sgd,MNIST,lenet,gn,100,ckpt7,res7,,,,26390,0,1,0.05,sum,eps_delta,0
0.0039062479045242,500,10,0.0042666666666666,9,0.57891845703125,0,0.4933,9,256,20,8,100,0.1,1,40,1,10,sgd,MNIST,lenet,gn,100,ckpt7,res7,,,,26390,0,1,0.05,sum,eps_delta,0
0.0039062588475644,700,10,0.0042666666666666,0,0.57891845703125,0,0.5026,0,256,20,8,100,0.1,1,40,1,10,sgd,MNIST,lenet,gn,100,ckpt7,res7,,,,5005,0,1,0.075,sum,eps_delta,0
3.11595499402628e-10,700,10,0.0042666666666666,1,0.57891845703125,1,0.5026,1,256,20,8,100,0.1,1,40,1,10,sgd,MNIST,lenet,gn,100,ckpt7,res7,,,,5005,0,1,0.075,sum,eps_delta,0
1.1631366447772964e-07,700,10,0.0042666666666666,2,0.57891845703125,1,0.5026,2,256,20,8,100,0.1,1,40,1,10,sgd,MNIST,lenet,gn,100,ckpt7,res7,,,,5005,0,1,0.075,sum,eps_delta,0
2.8482809000252025e-08,700,10,0.0042666666666666,3,0.57891845703125,1,0.5026,3,256,20,8,100,0.1,1,40,1,10,sgd,MNIST,lenet,gn,100,ckpt7,res7,,,,5005,0,1,0.075,sum,eps_delta,0
0.0039062546566128,700,10,0.0042666666666666,4,0.57891845703125,0,0.5026,4,256,20,8,100,0.1,1,40,1,10,sgd,MNIST,lenet,gn,100,ckpt7,res7,,,,5005,0,1,0.075,sum,eps_delta,0
0.003906246041879,700,10,0.0042666666666666,5,0.57891845703125,0,0.5026,5,256,20,8,100,0.1,1,40,1,10,sgd,MNIST,lenet,gn,100,ckpt7,res7,,,,5005,0,1,0.075,sum,eps_delta,0
0.0039062451105564,700,10,0.0042666666666666,6,0.57891845703125,0,0.5026,6,256,20,8,100,0.1,1,40,1,10,sgd,MNIST,lenet,gn,100,ckpt7,res7,,,,5005,0,1,0.075,sum,eps_delta,0
2.640116008478799e-06,700,10,0.0042666666666666,7,0.57891845703125,1,0.5026,7,256,20,8,100,0.1,1,40,1,10,sgd,MNIST,lenet,gn,100,ckpt7,res7,,,,5005,0,1,0.075,sum,eps_delta,0
0.003906253259629,700,10,0.0042666666666666,8,0.57891845703125,0,0.5026,8,256,20,8,100,0.1,1,40,1,10,sgd,MNIST,lenet,gn,100,ckpt7,res7,,,,5005,0,1,0.075,sum,eps_delta,0
0.0018606013618409,700,10,0.0042666666666666,9,0.57891845703125,1,0.5026,9,256,20,8,100,0.1,1,40,1,10,sgd,MNIST,lenet,gn,100,ckpt7,res7,,,,5005,0,1,0.075,sum,eps_delta,0
0.0039062441792339,900,10,0.0042666666666666,0,0.57891845703125,0,0.5156,0,256,20,8,100,0.1,1,40,1,10,sgd,MNIST,lenet,gn,100,ckpt7,res7,,,,12730,0,1,0.1,sum,eps_delta,0
1.521184600505876e-08,900,10,0.0042666666666666,1,0.57891845703125,1,0.5156,1,256,20,8,100,0.1,1,40,1,10,sgd,MNIST,lenet,gn,100,ckpt7,res7,,,,12730,0,1,0.1,sum,eps_delta,0
4.722784663346857e-12,900,10,0.0042666666666666,2,0.57891845703125,1,0.5156,2,256,20,8,100,0.1,1,40,1,10,sgd,MNIST,lenet,gn,100,ckpt7,res7,,,,12730,0,1,0.1,sum,eps_delta,0
6.619049752742967e-11,900,10,0.0042666666666666,3,0.57891845703125,1,0.5156,3,256,20,8,100,0.1,1,40,1,10,sgd,MNIST,lenet,gn,100,ckpt7,res7,,,,12730,0,1,0.1,sum,eps_delta,0
0.0039062479045242,900,10,0.0042666666666666,4,0.57891845703125,0,0.5156,4,256,20,8,100,0.1,1,40,1,10,sgd,MNIST,lenet,gn,100,ckpt7,res7,,,,12730,0,1,0.1,sum,eps_delta,0
0.0039062560535967,900,10,0.0042666666666666,5,0.57891845703125,0,0.5156,5,256,20,8,100,0.1,1,40,1,10,sgd,MNIST,lenet,gn,100,ckpt7,res7,,,,12730,0,1,0.1,sum,eps_delta,0
0.000131274035084,900,10,0.0042666666666666,6,0.57891845703125,1,0.5156,6,256,20,8,100,0.1,1,40,1,10,sgd,MNIST,lenet,gn,100,ckpt7,res7,,,,12730,0,1,0.1,sum,eps_delta,0
2.7837131710839458e-08,900,10,0.0042666666666666,7,0.57891845703125,1,0.5156,7,256,20,8,100,0.1,1,40,1,10,sgd,MNIST,lenet,gn,100,ckpt7,res7,,,,12730,0,1,0.1,sum,eps_delta,0
6.299622601346755e-09,900,10,0.0042666666666666,8,0.57891845703125,1,0.5156,8,256,20,8,100,0.1,1,40,1,10,sgd,MNIST,lenet,gn,100,ckpt7,res7,,,,12730,0,1,0.1,sum,eps_delta,0
0.0039062488358467,900,10,0.0042666666666666,9,0.57891845703125,0,0.5156,9,256,20,8,100,0.1,1,40,1,10,sgd,MNIST,lenet,gn,100,ckpt7,res7,,,,12730,0,1,0.1,sum,eps_delta,0
0.0039062458090484,1200,10,0.0042666666666666,0,0.57891845703125,0,0.5182,0,256,20,8,100,0.1,1,40,1,10,sgd,MNIST,lenet,gn,100,ckpt7,res7,,,,23840,0,1,0.125,sum,eps_delta,0
3.7775541277261824e-16,1200,10,0.0042666666666666,1,0.57891845703125,1,0.5182,1,256,20,8,100,0.1,1,40,1,10,sgd,MNIST,lenet,gn,100,ckpt7,res7,,,,23840,0,1,0.125,sum,eps_delta,0
0.0039062537252902,1200,10,0.0042666666666666,2,0.57891845703125,0,0.5182,2,256,20,8,100,0.1,1,40,1,10,sgd,MNIST,lenet,gn,100,ckpt7,res7,,,,23840,0,1,0.125,sum,eps_delta,0
6.275884345541273e-08,1200,10,0.0042666666666666,3,0.57891845703125,1,0.5182,3,256,20,8,100,0.1,1,40,1,10,sgd,MNIST,lenet,gn,100,ckpt7,res7,,,,23840,0,1,0.125,sum,eps_delta,0
0.0039062555879354,1200,10,0.0042666666666666,4,0.57891845703125,0,0.5182,4,256,20,8,100,0.1,1,40,1,10,sgd,MNIST,lenet,gn,100,ckpt7,res7,,,,23840,0,1,0.125,sum,eps_delta,0
0.00390625,1200,10,0.0042666666666666,5,0.57891845703125,0,0.5182,5,256,20,8,100,0.1,1,40,1,10,sgd,MNIST,lenet,gn,100,ckpt7,res7,,,,23840,0,1,0.125,sum,eps_delta,0
0.0039062388241291,1200,10,0.0042666666666666,6,0.57891845703125,1,0.5182,6,256,20,8,100,0.1,1,40,1,10,sgd,MNIST,lenet,gn,100,ckpt7,res7,,,,23840,0,1,0.125,sum,eps_delta,0
4.316755166655639e-06,1200,10,0.0042666666666666,7,0.57891845703125,1,0.5182,7,256,20,8,100,0.1,1,40,1,10,sgd,MNIST,lenet,gn,100,ckpt7,res7,,,,23840,0,1,0.125,sum,eps_delta,0
0.0039062495343387,1200,10,0.0042666666666666,8,0.57891845703125,0,0.5182,8,256,20,8,100,0.1,1,40,1,10,sgd,MNIST,lenet,gn,100,ckpt7,res7,,,,23840,0,1,0.125,sum,eps_delta,0
0.0039062451105564,1200,10,0.0042666666666666,9,0.57891845703125,0,0.5182,9,256,20,8,100,0.1,1,40,1,10,sgd,MNIST,lenet,gn,100,ckpt7,res7,,,,23840,0,1,0.125,sum,eps_delta,0
0.0039062430150806,1400,10,0.0042666666666666,0,0.57891845703125,0,0.5405,0,256,20,8,100,0.1,1,40,1,10,sgd,MNIST,lenet,gn,100,ckpt7,res7,,,,31999,0,1,0.15,sum,eps_delta,0
3.213586023775861e-05,1400,10,0.0042666666666666,1,0.57891845703125,1,0.5405,1,256,20,8,100,0.1,1,40,1,10,sgd,MNIST,lenet,gn,100,ckpt7,res7,,,,31999,0,1,0.15,sum,eps_delta,0
0.0039062474388629,1400,10,0.0042666666666666,2,0.57891845703125,1,0.5405,2,256,20,8,100,0.1,1,40,1,10,sgd,MNIST,lenet,gn,100,ckpt7,res7,,,,31999,0,1,0.15,sum,eps_delta,0
0.0004264971648808,1400,10,0.0042666666666666,3,0.57891845703125,1,0.5405,3,256,20,8,100,0.1,1,40,1,10,sgd,MNIST,lenet,gn,100,ckpt7,res7,,,,31999,0,1,0.15,sum,eps_delta,0
0.0003006342449225,1400,10,0.0042666666666666,4,0.57891845703125,1,0.5405,4,256,20,8,100,0.1,1,40,1,10,sgd,MNIST,lenet,gn,100,ckpt7,res7,,,,31999,0,1,0.15,sum,eps_delta,0
0.0039062451105564,1400,10,0.0042666666666666,5,0.57891845703125,0,0.5405,5,256,20,8,100,0.1,1,40,1,10,sgd,MNIST,lenet,gn,100,ckpt7,res7,,,,31999,0,1,0.15,sum,eps_delta,0
0.0039062509313225,1400,10,0.0042666666666666,6,0.57891845703125,0,0.5405,6,256,20,8,100,0.1,1,40,1,10,sgd,MNIST,lenet,gn,100,ckpt7,res7,,,,31999,0,1,0.15,sum,eps_delta,0
3.243806334651822e-09,1400,10,0.0042666666666666,7,0.57891845703125,1,0.5405,7,256,20,8,100,0.1,1,40,1,10,sgd,MNIST,lenet,gn,100,ckpt7,res7,,,,31999,0,1,0.15,sum,eps_delta,0
6.319156398149063e-08,1400,10,0.0042666666666666,8,0.57891845703125,1,0.5405,8,256,20,8,100,0.1,1,40,1,10,sgd,MNIST,lenet,gn,100,ckpt7,res7,,,,31999,0,1,0.15,sum,eps_delta,0
0.0039062560535967,1400,10,0.0042666666666666,9,0.57891845703125,0,0.5405,9,256,20,8,100,0.1,1,40,1,10,sgd,MNIST,lenet,gn,100,ckpt7,res7,,,,31999,0,1,0.15,sum,eps_delta,0
0.0039062509313225,1600,10,0.0042666666666666,0,0.57891845703125,0,0.5161,0,256,20,8,100,0.1,1,40,1,10,sgd,MNIST,lenet,gn,100,ckpt7,res7,,,,29891,0,1,0.175,sum,eps_delta,0
3.3895240373857047e-19,1600,10,0.0042666666666666,1,0.57891845703125,1,0.5161,1,256,20,8,100,0.1,1,40,1,10,sgd,MNIST,lenet,gn,100,ckpt7,res7,,,,29891,0,1,0.175,sum,eps_delta,0
0.0039062448777258,1600,10,0.0042666666666666,2,0.57891845703125,1,0.5161,2,256,20,8,100,0.1,1,40,1,10,sgd,MNIST,lenet,gn,100,ckpt7,res7,,,,29891,0,1,0.175,sum,eps_delta,0
0.0039062495343387,1600,10,0.0042666666666666,3,0.57891845703125,0,0.5161,3,256,20,8,100,0.1,1,40,1,10,sgd,MNIST,lenet,gn,100,ckpt7,res7,,,,29891,0,1,0.175,sum,eps_delta,0
0.0039062423165887,1600,10,0.0042666666666666,4,0.57891845703125,0,0.5161,4,256,20,8,100,0.1,1,40,1,10,sgd,MNIST,lenet,gn,100,ckpt7,res7,,,,29891,0,1,0.175,sum,eps_delta,0
0.0039062551222741,1600,10,0.0042666666666666,5,0.57891845703125,0,0.5161,5,256,20,8,100,0.1,1,40,1,10,sgd,MNIST,lenet,gn,100,ckpt7,res7,,,,29891,0,1,0.175,sum,eps_delta,0
0.003906256519258,1600,10,0.0042666666666666,6,0.57891845703125,0,0.5161,6,256,20,8,100,0.1,1,40,1,10,sgd,MNIST,lenet,gn,100,ckpt7,res7,,,,29891,0,1,0.175,sum,eps_delta,0
0.0039062467403709,1600,10,0.0042666666666666,7,0.57891845703125,0,0.5161,7,256,20,8,100,0.1,1,40,1,10,sgd,MNIST,lenet,gn,100,ckpt7,res7,,,,29891,0,1,0.175,sum,eps_delta,0
1.551932655274868e-05,1600,10,0.0042666666666666,8,0.57891845703125,1,0.5161,8,256,20,8,100,0.1,1,40,1,10,sgd,MNIST,lenet,gn,100,ckpt7,res7,,,,29891,0,1,0.175,sum,eps_delta,0
0.003906246041879,1600,10,0.0042666666666666,9,0.57891845703125,0,0.5161,9,256,20,8,100,0.1,1,40,1,10,sgd,MNIST,lenet,gn,100,ckpt7,res7,,,,29891,0,1,0.175,sum,eps_delta,0
0.0039062497671693,1900,10,0.0042666666666666,0,0.57891845703125,0,0.483,0,256,20,8,100,0.1,1,40,1,10,sgd,MNIST,lenet,gn,100,ckpt7,res7,,,,18809,0,1,0.2,sum,eps_delta,0
1.3969309042849432e-09,1900,10,0.0042666666666666,1,0.57891845703125,1,0.483,1,256,20,8,100,0.1,1,40,1,10,sgd,MNIST,lenet,gn,100,ckpt7,res7,,,,18809,0,1,0.2,sum,eps_delta,0
0.003906253259629,1900,10,0.0042666666666666,2,0.57891845703125,0,0.483,2,256,20,8,100,0.1,1,40,1,10,sgd,MNIST,lenet,gn,100,ckpt7,res7,,,,18809,0,1,0.2,sum,eps_delta,0
6.546493902526149e-11,1900,10,0.0042666666666666,3,0.57891845703125,1,0.483,3,256,20,8,100,0.1,1,40,1,10,sgd,MNIST,lenet,gn,100,ckpt7,res7,,,,18809,0,1,0.2,sum,eps_delta,0
6.585867708963633e-07,1900,10,0.0042666666666666,4,0.57891845703125,1,0.483,4,256,20,8,100,0.1,1,40,1,10,sgd,MNIST,lenet,gn,100,ckpt7,res7,,,,18809,0,1,0.2,sum,eps_delta,0
0.0039062527939677,1900,10,0.0042666666666666,5,0.57891845703125,0,0.483,5,256,20,8,100,0.1,1,40,1,10,sgd,MNIST,lenet,gn,100,ckpt7,res7,,,,18809,0,1,0.2,sum,eps_delta,0
0.0039062406867742,1900,10,0.0042666666666666,6,0.57891845703125,0,0.483,6,256,20,8,100,0.1,1,40,1,10,sgd,MNIST,lenet,gn,100,ckpt7,res7,,,,18809,0,1,0.2,sum,eps_delta,0
2.2640186614353297e-08,1900,10,0.0042666666666666,7,0.57891845703125,1,0.483,7,256,20,8,100,0.1,1,40,1,10,sgd,MNIST,lenet,gn,100,ckpt7,res7,,,,18809,0,1,0.2,sum,eps_delta,0
2.293164129696379e-07,1900,10,0.0042666666666666,8,0.57891845703125,1,0.483,8,256,20,8,100,0.1,1,40,1,10,sgd,MNIST,lenet,gn,100,ckpt7,res7,,,,18809,0,1,0.2,sum,eps_delta,0
0.0039062523283064,1900,10,0.0042666666666666,9,0.57891845703125,0,0.483,9,256,20,8,100,0.1,1,40,1,10,sgd,MNIST,lenet,gn,100,ckpt7,res7,,,,18809,0,1,0.2,sum,eps_delta,0
0.0039062479045242,2100,10,0.0042666666666666,0,0.57891845703125,0,0.4697,0,256,20,8,100,0.1,1,40,1,10,sgd,MNIST,lenet,gn,100,ckpt7,res7,,,,24665,0,1,0.225,sum,eps_delta,0
6.414033748569636e-08,2100,10,0.0042666666666666,1,0.57891845703125,1,0.4697,1,256,20,8,100,0.1,1,40,1,10,sgd,MNIST,lenet,gn,100,ckpt7,res7,,,,24665,0,1,0.225,sum,eps_delta,0
0.0039062569849193,2100,10,0.0042666666666666,2,0.57891845703125,0,0.4697,2,256,20,8,100,0.1,1,40,1,10,sgd,MNIST,lenet,gn,100,ckpt7,res7,,,,24665,0,1,0.225,sum,eps_delta,0
0.0039062497671693,2100,10,0.0042666666666666,3,0.57891845703125,0,0.4697,3,256,20,8,100,0.1,1,40,1,10,sgd,MNIST,lenet,gn,100,ckpt7,res7,,,,24665,0,1,0.225,sum,eps_delta,0
0.000549271935597,2100,10,0.0042666666666666,4,0.57891845703125,1,0.4697,4,256,20,8,100,0.1,1,40,1,10,sgd,MNIST,lenet,gn,100,ckpt7,res7,,,,24665,0,1,0.225,sum,eps_delta,0
1.1982699106738435e-05,2100,10,0.0042666666666666,5,0.57891845703125,1,0.4697,5,256,20,8,100,0.1,1,40,1,10,sgd,MNIST,lenet,gn,100,ckpt7,res7,,,,24665,0,1,0.225,sum,eps_delta,0
0.0001012980574159,2100,10,0.0042666666666666,6,0.57891845703125,1,0.4697,6,256,20,8,100,0.1,1,40,1,10,sgd,MNIST,lenet,gn,100,ckpt7,res7,,,,24665,0,1,0.225,sum,eps_delta,0
0.0039062518626451,2100,10,0.0042666666666666,7,0.57891845703125,0,0.4697,7,256,20,8,100,0.1,1,40,1,10,sgd,MNIST,lenet,gn,100,ckpt7,res7,,,,24665,0,1,0.225,sum,eps_delta,0
2.545104127449349e-09,2100,10,0.0042666666666666,8,0.57891845703125,1,0.4697,8,256,20,8,100,0.1,1,40,1,10,sgd,MNIST,lenet,gn,100,ckpt7,res7,,,,24665,0,1,0.225,sum,eps_delta,0
0.0039062513969838,2100,10,0.0042666666666666,9,0.57891845703125,0,0.4697,9,256,20,8,100,0.1,1,40,1,10,sgd,MNIST,lenet,gn,100,ckpt7,res7,,,,24665,0,1,0.225,sum,eps_delta,0
0.0039062509313225,2300,10,0.0042666666666666,0,0.57891845703125,0,0.4612,0,256,20,8,100,0.1,1,40,1,10,sgd,MNIST,lenet,gn,100,ckpt7,res7,,,,16601,0,1,0.25,sum,eps_delta,0
1.1392134960059168e-20,2300,10,0.0042666666666666,1,0.57891845703125,1,0.4612,1,256,20,8,100,0.1,1,40,1,10,sgd,MNIST,lenet,gn,100,ckpt7,res7,,,,16601,0,1,0.25,sum,eps_delta,0
0.0039062518626451,2300,10,0.0042666666666666,2,0.57891845703125,0,0.4612,2,256,20,8,100,0.1,1,40,1,10,sgd,MNIST,lenet,gn,100,ckpt7,res7,,,,16601,0,1,0.25,sum,eps_delta,0
1.2087420884647943e-16,2300,10,0.0042666666666666,3,0.57891845703125,1,0.4612,3,256,20,8,100,0.1,1,40,1,10,sgd,MNIST,lenet,gn,100,ckpt7,res7,,,,16601,0,1,0.25,sum,eps_delta,0
0.0039062527939677,2300,10,0.0042666666666666,4,0.57891845703125,0,0.4612,4,256,20,8,100,0.1,1,40,1,10,sgd,MNIST,lenet,gn,100,ckpt7,res7,,,,16601,0,1,0.25,sum,eps_delta,0
0.0039062479045242,2300,10,0.0042666666666666,5,0.57891845703125,0,0.4612,5,256,20,8,100,0.1,1,40,1,10,sgd,MNIST,lenet,gn,100,ckpt7,res7,,,,16601,0,1,0.25,sum,eps_delta,0
4.6339220655111646e-11,2300,10,0.0042666666666666,6,0.57891845703125,1,0.4612,6,256,20,8,100,0.1,1,40,1,10,sgd,MNIST,lenet,gn,100,ckpt7,res7,,,,16601,0,1,0.25,sum,eps_delta,0
8.303321010316722e-06,2300,10,0.0042666666666666,7,0.57891845703125,1,0.4612,7,256,20,8,100,0.1,1,40,1,10,sgd,MNIST,lenet,gn,100,ckpt7,res7,,,,16601,0,1,0.25,sum,eps_delta,0
6.365914032357978e-06,2300,10,0.0042666666666666,8,0.57891845703125,1,0.4612,8,256,20,8,100,0.1,1,40,1,10,sgd,MNIST,lenet,gn,100,ckpt7,res7,,,,16601,0,1,0.25,sum,eps_delta,0
5.005006460123696e-05,2300,10,0.0042666666666666,9,0.57891845703125,1,0.4612,9,256,20,8,100,0.1,1,40,1,10,sgd,MNIST,lenet,gn,100,ckpt7,res7,,,,16601,0,1,0.25,sum,eps_delta,0
0.00390625,2600,10,0.0042666666666666,0,0.57891845703125,0,0.4851,0,256,20,8,100,0.1,1,40,1,10,sgd,MNIST,lenet,gn,100,ckpt7,res7,,,,25416,0,1,0.275,sum,eps_delta,0
6.3121851495706585e-12,2600,10,0.0042666666666666,1,0.57891845703125,1,0.4851,1,256,20,8,100,0.1,1,40,1,10,sgd,MNIST,lenet,gn,100,ckpt7,res7,,,,25416,0,1,0.275,sum,eps_delta,0
0.0039062488358467,2600,10,0.0042666666666666,2,0.57891845703125,0,0.4851,2,256,20,8,100,0.1,1,40,1,10,sgd,MNIST,lenet,gn,100,ckpt7,res7,,,,25416,0,1,0.275,sum,eps_delta,0
5.613052053377032e-06,2600,10,0.0042666666666666,3,0.57891845703125,1,0.4851,3,256,20,8,100,0.1,1,40,1,10,sgd,MNIST,lenet,gn,100,ckpt7,res7,,,,25416,0,1,0.275,sum,eps_delta,0
0.0010516020702198,2600,10,0.0042666666666666,4,0.57891845703125,1,0.4851,4,256,20,8,100,0.1,1,40,1,10,sgd,MNIST,lenet,gn,100,ckpt7,res7,,,,25416,0,1,0.275,sum,eps_delta,0
0.00390625,2600,10,0.0042666666666666,5,0.57891845703125,0,0.4851,5,256,20,8,100,0.1,1,40,1,10,sgd,MNIST,lenet,gn,100,ckpt7,res7,,,,25416,0,1,0.275,sum,eps_delta,0
0.0039062448777258,2600,10,0.0042666666666666,6,0.57891845703125,0,0.4851,6,256,20,8,100,0.1,1,40,1,10,sgd,MNIST,lenet,gn,100,ckpt7,res7,,,,25416,0,1,0.275,sum,eps_delta,0
0.0039062444120645,2600,10,0.0042666666666666,7,0.57891845703125,0,0.4851,7,256,20,8,100,0.1,1,40,1,10,sgd,MNIST,lenet,gn,100,ckpt7,res7,,,,25416,0,1,0.275,sum,eps_delta,0
2.913252755351592e-12,2600,10,0.0042666666666666,8,0.57891845703125,1,0.4851,8,256,20,8,100,0.1,1,40,1,10,sgd,MNIST,lenet,gn,100,ckpt7,res7,,,,25416,0,1,0.275,sum,eps_delta,0
0.0039062583819031,2600,10,0.0042666666666666,9,0.57891845703125,0,0.4851,9,256,20,8,100,0.1,1,40,1,10,sgd,MNIST,lenet,gn,100,ckpt7,res7,,,,25416,0,1,0.275,sum,eps_delta,0
0.0039062453433871,2800,10,0.0042666666666666,0,0.57891845703125,0,0.4783,0,256,20,8,100,0.1,1,40,1,10,sgd,MNIST,lenet,gn,100,ckpt7,res7,,,,9830,0,1,0.3,sum,eps_delta,0
0.0003854478709399,2800,10,0.0042666666666666,1,0.57891845703125,1,0.4783,1,256,20,8,100,0.1,1,40,1,10,sgd,MNIST,lenet,gn,100,ckpt7,res7,,,,9830,0,1,0.3,sum,eps_delta,0
0.0039062479045242,2800,10,0.0042666666666666,2,0.57891845703125,0,0.4783,2,256,20,8,100,0.1,1,40,1,10,sgd,MNIST,lenet,gn,100,ckpt7,res7,,,,9830,0,1,0.3,sum,eps_delta,0
1.7691043738992697e-14,2800,10,0.0042666666666666,3,0.57891845703125,1,0.4783,3,256,20,8,100,0.1,1,40,1,10,sgd,MNIST,lenet,gn,100,ckpt7,res7,,,,9830,0,1,0.3,sum,eps_delta,0
1.812474238249706e-06,2800,10,0.0042666666666666,4,0.57891845703125,1,0.4783,4,256,20,8,100,0.1,1,40,1,10,sgd,MNIST,lenet,gn,100,ckpt7,res7,,,,9830,0,1,0.3,sum,eps_delta,0
0.003906249301508,2800,10,0.0042666666666666,5,0.57891845703125,0,0.4783,5,256,20,8,100,0.1,1,40,1,10,sgd,MNIST,lenet,gn,100,ckpt7,res7,,,,9830,0,1,0.3,sum,eps_delta,0
2.008152023336152e-06,2800,10,0.0042666666666666,6,0.57891845703125,1,0.4783,6,256,20,8,100,0.1,1,40,1,10,sgd,MNIST,lenet,gn,100,ckpt7,res7,,,,9830,0,1,0.3,sum,eps_delta,0
0.00390625,2800,10,0.0042666666666666,7,0.57891845703125,0,0.4783,7,256,20,8,100,0.1,1,40,1,10,sgd,MNIST,lenet,gn,100,ckpt7,res7,,,,9830,0,1,0.3,sum,eps_delta,0
2.5402057451952846e-20,2800,10,0.0042666666666666,8,0.57891845703125,1,0.4783,8,256,20,8,100,0.1,1,40,1,10,sgd,MNIST,lenet,gn,100,ckpt7,res7,,,,9830,0,1,0.3,sum,eps_delta,0
0.0039062523283064,2800,10,0.0042666666666666,9,0.57891845703125,0,0.4783,9,256,20,8,100,0.1,1,40,1,10,sgd,MNIST,lenet,gn,100,ckpt7,res7,,,,9830,0,1,0.3,sum,eps_delta,0
0.0039062476716935,3000,10,0.0042666666666666,0,0.57891845703125,1,0.428,0,256,20,8,100,0.1,1,40,1,10,sgd,MNIST,lenet,gn,100,ckpt7,res7,,,,8139,0,1,0.325,sum,eps_delta,0
2.163706225907086e-13,3000,10,0.0042666666666666,1,0.57891845703125,1,0.428,1,256,20,8,100,0.1,1,40,1,10,sgd,MNIST,lenet,gn,100,ckpt7,res7,,,,8139,0,1,0.325,sum,eps_delta,0
0.0039062523283064,3000,10,0.0042666666666666,2,0.57891845703125,0,0.428,2,256,20,8,100,0.1,1,40,1,10,sgd,MNIST,lenet,gn,100,ckpt7,res7,,,,8139,0,1,0.325,sum,eps_delta,0
2.760546053242401e-17,3000,10,0.0042666666666666,3,0.57891845703125,1,0.428,3,256,20,8,100,0.1,1,40,1,10,sgd,MNIST,lenet,gn,100,ckpt7,res7,,,,8139,0,1,0.325,sum,eps_delta,0
3.098029210946152e-08,3000,10,0.0042666666666666,4,0.57891845703125,1,0.428,4,256,20,8,100,0.1,1,40,1,10,sgd,MNIST,lenet,gn,100,ckpt7,res7,,,,8139,0,1,0.325,sum,eps_delta,0
0.0039062527939677,3000,10,0.0042666666666666,5,0.57891845703125,0,0.428,5,256,20,8,100,0.1,1,40,1,10,sgd,MNIST,lenet,gn,100,ckpt7,res7,,,,8139,0,1,0.325,sum,eps_delta,0
2.022229050879787e-10,3000,10,0.0042666666666666,6,0.57891845703125,1,0.428,6,256,20,8,100,0.1,1,40,1,10,sgd,MNIST,lenet,gn,100,ckpt7,res7,,,,8139,0,1,0.325,sum,eps_delta,0
0.0039062462747097,3000,10,0.0042666666666666,7,0.57891845703125,0,0.428,7,256,20,8,100,0.1,1,40,1,10,sgd,MNIST,lenet,gn,100,ckpt7,res7,,,,8139,0,1,0.325,sum,eps_delta,0
0.003906253259629,3000,10,0.0042666666666666,8,0.57891845703125,0,0.428,8,256,20,8,100,0.1,1,40,1,10,sgd,MNIST,lenet,gn,100,ckpt7,res7,,,,8139,0,1,0.325,sum,eps_delta,0
0.0039062518626451,3000,10,0.0042666666666666,9,0.57891845703125,0,0.428,9,256,20,8,100,0.1,1,40,1,10,sgd,MNIST,lenet,gn,100,ckpt7,res7,,,,8139,0,1,0.325,sum,eps_delta,0
0.0039062541909515,3300,10,0.0042666666666666,0,0.57891845703125,0,0.4928,0,256,20,8,100,0.1,1,40,1,10,sgd,MNIST,lenet,gn,100,ckpt7,res7,,,,28491,0,1,0.35,sum,eps_delta,0
3.168287828628696e-16,3300,10,0.0042666666666666,1,0.57891845703125,1,0.4928,1,256,20,8,100,0.1,1,40,1,10,sgd,MNIST,lenet,gn,100,ckpt7,res7,,,,28491,0,1,0.35,sum,eps_delta,0
0.0039062513969838,3300,10,0.0042666666666666,2,0.57891845703125,0,0.4928,2,256,20,8,100,0.1,1,40,1,10,sgd,MNIST,lenet,gn,100,ckpt7,res7,,,,28491,0,1,0.35,sum,eps_delta,0
2.494853871745575e-21,3300,10,0.0042666666666666,3,0.57891845703125,1,0.4928,3,256,20,8,100,0.1,1,40,1,10,sgd,MNIST,lenet,gn,100,ckpt7,res7,,,,28491,0,1,0.35,sum,eps_delta,0
0.0030922088772058,3300,10,0.0042666666666666,4,0.57891845703125,1,0.4928,4,256,20,8,100,0.1,1,40,1,10,sgd,MNIST,lenet,gn,100,ckpt7,res7,,,,28491,0,1,0.35,sum,eps_delta,0
0.0004979231744073,3300,10,0.0042666666666666,5,0.57891845703125,1,0.4928,5,256,20,8,100,0.1,1,40,1,10,sgd,MNIST,lenet,gn,100,ckpt7,res7,,,,28491,0,1,0.35,sum,eps_delta,0
0.0039062453433871,3300,10,0.0042666666666666,6,0.57891845703125,0,0.4928,6,256,20,8,100,0.1,1,40,1,10,sgd,MNIST,lenet,gn,100,ckpt7,res7,,,,28491,0,1,0.35,sum,eps_delta,0
5.1163087988470586e-08,3300,10,0.0042666666666666,7,0.57891845703125,1,0.4928,7,256,20,8,100,0.1,1,40,1,10,sgd,MNIST,lenet,gn,100,ckpt7,res7,,,,28491,0,1,0.35,sum,eps_delta,0
2.6781254991448122e-09,3300,10,0.0042666666666666,8,0.57891845703125,1,0.4928,8,256,20,8,100,0.1,1,40,1,10,sgd,MNIST,lenet,gn,100,ckpt7,res7,,,,28491,0,1,0.35,sum,eps_delta,0
0.0039062437135726,3300,10,0.0042666666666666,9,0.57891845703125,1,0.4928,9,256,20,8,100,0.1,1,40,1,10,sgd,MNIST,lenet,gn,100,ckpt7,res7,,,,28491,0,1,0.35,sum,eps_delta,0
0.0039062518626451,3500,10,0.0042666666666666,0,0.57891845703125,0,0.4569,0,256,20,8,100,0.1,1,40,1,10,sgd,MNIST,lenet,gn,100,ckpt7,res7,,,,31401,0,1,0.375,sum,eps_delta,0
3.9155020203907043e-07,3500,10,0.0042666666666666,1,0.57891845703125,1,0.4569,1,256,20,8,100,0.1,1,40,1,10,sgd,MNIST,lenet,gn,100,ckpt7,res7,,,,31401,0,1,0.375,sum,eps_delta,0
0.0039062453433871,3500,10,0.0042666666666666,2,0.57891845703125,0,0.4569,2,256,20,8,100,0.1,1,40,1,10,sgd,MNIST,lenet,gn,100,ckpt7,res7,,,,31401,0,1,0.375,sum,eps_delta,0
2.047587403492697e-16,3500,10,0.0042666666666666,3,0.57891845703125,1,0.4569,3,256,20,8,100,0.1,1,40,1,10,sgd,MNIST,lenet,gn,100,ckpt7,res7,,,,31401,0,1,0.375,sum,eps_delta,0
0.0039062451105564,3500,10,0.0042666666666666,4,0.57891845703125,1,0.4569,4,256,20,8,100,0.1,1,40,1,10,sgd,MNIST,lenet,gn,100,ckpt7,res7,,,,31401,0,1,0.375,sum,eps_delta,0
0.0039062481373548,3500,10,0.0042666666666666,5,0.57891845703125,0,0.4569,5,256,20,8,100,0.1,1,40,1,10,sgd,MNIST,lenet,gn,100,ckpt7,res7,,,,31401,0,1,0.375,sum,eps_delta,0
0.0039062483701854,3500,10,0.0042666666666666,6,0.57891845703125,1,0.4569,6,256,20,8,100,0.1,1,40,1,10,sgd,MNIST,lenet,gn,100,ckpt7,res7,,,,31401,0,1,0.375,sum,eps_delta,0
0.003906253259629,3500,10,0.0042666666666666,7,0.57891845703125,0,0.4569,7,256,20,8,100,0.1,1,40,1,10,sgd,MNIST,lenet,gn,100,ckpt7,res7,,,,31401,0,1,0.375,sum,eps_delta,0
6.4148629984328576e-12,3500,10,0.0042666666666666,8,0.57891845703125,1,0.4569,8,256,20,8,100,0.1,1,40,1,10,sgd,MNIST,lenet,gn,100,ckpt7,res7,,,,31401,0,1,0.375,sum,eps_delta,0
9.294132685688791e-10,3500,10,0.0042666666666666,9,0.57891845703125,1,0.4569,9,256,20,8,100,0.1,1,40,1,10,sgd,MNIST,lenet,gn,100,ckpt7,res7,,,,31401,0,1,0.375,sum,eps_delta,0
0.0033187977969646,3700,10,0.0042666666666666,0,0.57891845703125,1,0.5319,0,256,20,8,100,0.1,1,40,1,10,sgd,MNIST,lenet,gn,100,ckpt7,res7,,,,12521,0,1,0.4,sum,eps_delta,0
3.951508986688168e-08,3700,10,0.0042666666666666,1,0.57891845703125,1,0.5319,1,256,20,8,100,0.1,1,40,1,10,sgd,MNIST,lenet,gn,100,ckpt7,res7,,,,12521,0,1,0.4,sum,eps_delta,0
0.0039062453433871,3700,10,0.0042666666666666,2,0.57891845703125,0,0.5319,2,256,20,8,100,0.1,1,40,1,10,sgd,MNIST,lenet,gn,100,ckpt7,res7,,,,12521,0,1,0.4,sum,eps_delta,0
8.15012072052923e-07,3700,10,0.0042666666666666,3,0.57891845703125,1,0.5319,3,256,20,8,100,0.1,1,40,1,10,sgd,MNIST,lenet,gn,100,ckpt7,res7,,,,12521,0,1,0.4,sum,eps_delta,0
2.0572036518728964e-08,3700,10,0.0042666666666666,4,0.57891845703125,1,0.5319,4,256,20,8,100,0.1,1,40,1,10,sgd,MNIST,lenet,gn,100,ckpt7,res7,,,,12521,0,1,0.4,sum,eps_delta,0
0.0039062509313225,3700,10,0.0042666666666666,5,0.57891845703125,0,0.5319,5,256,20,8,100,0.1,1,40,1,10,sgd,MNIST,lenet,gn,100,ckpt7,res7,,,,12521,0,1,0.4,sum,eps_delta,0
0.0039062448777258,3700,10,0.0042666666666666,6,0.57891845703125,1,0.5319,6,256,20,8,100,0.1,1,40,1,10,sgd,MNIST,lenet,gn,100,ckpt7,res7,,,,12521,0,1,0.4,sum,eps_delta,0
7.900829296358934e-11,3700,10,0.0042666666666666,7,0.57891845703125,1,0.5319,7,256,20,8,100,0.1,1,40,1,10,sgd,MNIST,lenet,gn,100,ckpt7,res7,,,,12521,0,1,0.4,sum,eps_delta,0
1.3649345653732324e-08,3700,10,0.0042666666666666,8,0.57891845703125,1,0.5319,8,256,20,8,100,0.1,1,40,1,10,sgd,MNIST,lenet,gn,100,ckpt7,res7,,,,12521,0,1,0.4,sum,eps_delta,0
0.00390625,3700,10,0.0042666666666666,9,0.57891845703125,0,0.5319,9,256,20,8,100,0.1,1,40,1,10,sgd,MNIST,lenet,gn,100,ckpt7,res7,,,,12521,0,1,0.4,sum,eps_delta,0
4.506689219851978e-05,4000,10,0.0042666666666666,0,0.57891845703125,1,0.5065,0,256,20,8,100,0.1,1,40,1,10,sgd,MNIST,lenet,gn,100,ckpt7,res7,,,,25507,0,1,0.425,sum,eps_delta,0
2.9115918844952143e-23,4000,10,0.0042666666666666,1,0.57891845703125,1,0.5065,1,256,20,8,100,0.1,1,40,1,10,sgd,MNIST,lenet,gn,100,ckpt7,res7,,,,25507,0,1,0.425,sum,eps_delta,0
0.0039062462747097,4000,10,0.0042666666666666,2,0.57891845703125,0,0.5065,2,256,20,8,100,0.1,1,40,1,10,sgd,MNIST,lenet,gn,100,ckpt7,res7,,,,25507,0,1,0.425,sum,eps_delta,0
3.897295755450614e-05,4000,10,0.0042666666666666,3,0.57891845703125,1,0.5065,3,256,20,8,100,0.1,1,40,1,10,sgd,MNIST,lenet,gn,100,ckpt7,res7,,,,25507,0,1,0.425,sum,eps_delta,0
1.1564964552235324e-05,4000,10,0.0042666666666666,4,0.57891845703125,1,0.5065,4,256,20,8,100,0.1,1,40,1,10,sgd,MNIST,lenet,gn,100,ckpt7,res7,,,,25507,0,1,0.425,sum,eps_delta,0
0.0007592153851874,4000,10,0.0042666666666666,5,0.57891845703125,1,0.5065,5,256,20,8,100,0.1,1,40,1,10,sgd,MNIST,lenet,gn,100,ckpt7,res7,,,,25507,0,1,0.425,sum,eps_delta,0
0.0,4000,10,0.0042666666666666,6,0.57891845703125,1,0.5065,6,256,20,8,100,0.1,1,40,1,10,sgd,MNIST,lenet,gn,100,ckpt7,res7,,,,25507,0,1,0.425,sum,eps_delta,0
1.0781343873222936e-10,4000,10,0.0042666666666666,7,0.57891845703125,1,0.5065,7,256,20,8,100,0.1,1,40,1,10,sgd,MNIST,lenet,gn,100,ckpt7,res7,,,,25507,0,1,0.425,sum,eps_delta,0
4.095031258533055e-11,4000,10,0.0042666666666666,8,0.57891845703125,1,0.5065,8,256,20,8,100,0.1,1,40,1,10,sgd,MNIST,lenet,gn,100,ckpt7,res7,,,,25507,0,1,0.425,sum,eps_delta,0
0.003906253259629,4000,10,0.0042666666666666,9,0.57891845703125,0,0.5065,9,256,20,8,100,0.1,1,40,1,10,sgd,MNIST,lenet,gn,100,ckpt7,res7,,,,25507,0,1,0.425,sum,eps_delta,0
8.569276473309464e-14,4200,10,0.0042666666666666,0,0.57891845703125,1,0.4419,0,256,20,8,100,0.1,1,40,1,10,sgd,MNIST,lenet,gn,100,ckpt7,res7,,,,18820,0,1,0.45,sum,eps_delta,0
0.0039062513969838,4200,10,0.0042666666666666,1,0.57891845703125,0,0.4419,1,256,20,8,100,0.1,1,40,1,10,sgd,MNIST,lenet,gn,100,ckpt7,res7,,,,18820,0,1,0.45,sum,eps_delta,0
0.0039062537252902,4200,10,0.0042666666666666,2,0.57891845703125,0,0.4419,2,256,20,8,100,0.1,1,40,1,10,sgd,MNIST,lenet,gn,100,ckpt7,res7,,,,18820,0,1,0.45,sum,eps_delta,0
3.2709662756147395e-10,4200,10,0.0042666666666666,3,0.57891845703125,1,0.4419,3,256,20,8,100,0.1,1,40,1,10,sgd,MNIST,lenet,gn,100,ckpt7,res7,,,,18820,0,1,0.45,sum,eps_delta,0
0.0039062513969838,4200,10,0.0042666666666666,4,0.57891845703125,0,0.4419,4,256,20,8,100,0.1,1,40,1,10,sgd,MNIST,lenet,gn,100,ckpt7,res7,,,,18820,0,1,0.45,sum,eps_delta,0
0.0039062474388629,4200,10,0.0042666666666666,5,0.57891845703125,0,0.4419,5,256,20,8,100,0.1,1,40,1,10,sgd,MNIST,lenet,gn,100,ckpt7,res7,,,,18820,0,1,0.45,sum,eps_delta,0
1.4984570356661434e-17,4200,10,0.0042666666666666,6,0.57891845703125,1,0.4419,6,256,20,8,100,0.1,1,40,1,10,sgd,MNIST,lenet,gn,100,ckpt7,res7,,,,18820,0,1,0.45,sum,eps_delta,0
6.486197134947247e-10,4200,10,0.0042666666666666,7,0.57891845703125,1,0.4419,7,256,20,8,100,0.1,1,40,1,10,sgd,MNIST,lenet,gn,100,ckpt7,res7,,,,18820,0,1,0.45,sum,eps_delta,0
3.733096800607358e-21,4200,10,0.0042666666666666,8,0.57891845703125,1,0.4419,8,256,20,8,100,0.1,1,40,1,10,sgd,MNIST,lenet,gn,100,ckpt7,res7,,,,18820,0,1,0.45,sum,eps_delta,0
0.003906249301508,4200,10,0.0042666666666666,9,0.57891845703125,0,0.4419,9,256,20,8,100,0.1,1,40,1,10,sgd,MNIST,lenet,gn,100,ckpt7,res7,,,,18820,0,1,0.45,sum,eps_delta,0
0.0039062476716935,4400,10,0.0042666666666666,0,0.57891845703125,0,0.4851,0,256,20,8,100,0.1,1,40,1,10,sgd,MNIST,lenet,gn,100,ckpt7,res7,,,,19635,0,1,0.475,sum,eps_delta,0
1.1257341729204202e-22,4400,10,0.0042666666666666,1,0.57891845703125,1,0.4851,1,256,20,8,100,0.1,1,40,1,10,sgd,MNIST,lenet,gn,100,ckpt7,res7,,,,19635,0,1,0.475,sum,eps_delta,0
8.042637091421057e-06,4400,10,0.0042666666666666,2,0.57891845703125,1,0.4851,2,256,20,8,100,0.1,1,40,1,10,sgd,MNIST,lenet,gn,100,ckpt7,res7,,,,19635,0,1,0.475,sum,eps_delta,0
5.723633914912762e-13,4400,10,0.0042666666666666,3,0.57891845703125,1,0.4851,3,256,20,8,100,0.1,1,40,1,10,sgd,MNIST,lenet,gn,100,ckpt7,res7,,,,19635,0,1,0.475,sum,eps_delta,0
7.616097856544268e-12,4400,10,0.0042666666666666,4,0.57891845703125,1,0.4851,4,256,20,8,100,0.1,1,40,1,10,sgd,MNIST,lenet,gn,100,ckpt7,res7,,,,19635,0,1,0.475,sum,eps_delta,0
0.0039062504656612,4400,10,0.0042666666666666,5,0.57891845703125,0,0.4851,5,256,20,8,100,0.1,1,40,1,10,sgd,MNIST,lenet,gn,100,ckpt7,res7,,,,19635,0,1,0.475,sum,eps_delta,0
0.0039062513969838,4400,10,0.0042666666666666,6,0.57891845703125,0,0.4851,6,256,20,8,100,0.1,1,40,1,10,sgd,MNIST,lenet,gn,100,ckpt7,res7,,,,19635,0,1,0.475,sum,eps_delta,0
1.082770353377783e-07,4400,10,0.0042666666666666,7,0.57891845703125,1,0.4851,7,256,20,8,100,0.1,1,40,1,10,sgd,MNIST,lenet,gn,100,ckpt7,res7,,,,19635,0,1,0.475,sum,eps_delta,0
0.0039062481373548,4400,10,0.0042666666666666,8,0.57891845703125,0,0.4851,8,256,20,8,100,0.1,1,40,1,10,sgd,MNIST,lenet,gn,100,ckpt7,res7,,,,19635,0,1,0.475,sum,eps_delta,0
0.0039062497671693,4400,10,0.0042666666666666,9,0.57891845703125,0,0.4851,9,256,20,8,100,0.1,1,40,1,10,sgd,MNIST,lenet,gn,100,ckpt7,res7,,,,19635,0,1,0.475,sum,eps_delta,0
4.116916443308584e-07,4600,10,0.0042666666666666,0,0.57891845703125,1,0.4676,0,256,20,8,100,0.1,1,40,1,10,sgd,MNIST,lenet,gn,100,ckpt7,res7,,,,17295,0,1,0.5,sum,eps_delta,0
0.0,4600,10,0.0042666666666666,1,0.57891845703125,1,0.4676,1,256,20,8,100,0.1,1,40,1,10,sgd,MNIST,lenet,gn,100,ckpt7,res7,,,,17295,0,1,0.5,sum,eps_delta,0
0.0039062446448951,4600,10,0.0042666666666666,2,0.57891845703125,0,0.4676,2,256,20,8,100,0.1,1,40,1,10,sgd,MNIST,lenet,gn,100,ckpt7,res7,,,,17295,0,1,0.5,sum,eps_delta,0
0.0039062551222741,4600,10,0.0042666666666666,3,0.57891845703125,0,0.4676,3,256,20,8,100,0.1,1,40,1,10,sgd,MNIST,lenet,gn,100,ckpt7,res7,,,,17295,0,1,0.5,sum,eps_delta,0
0.0004011553537566,4600,10,0.0042666666666666,4,0.57891845703125,1,0.4676,4,256,20,8,100,0.1,1,40,1,10,sgd,MNIST,lenet,gn,100,ckpt7,res7,,,,17295,0,1,0.5,sum,eps_delta,0
0.0039062434807419,4600,10,0.0042666666666666,5,0.57891845703125,0,0.4676,5,256,20,8,100,0.1,1,40,1,10,sgd,MNIST,lenet,gn,100,ckpt7,res7,,,,17295,0,1,0.5,sum,eps_delta,0
0.003906253259629,4600,10,0.0042666666666666,6,0.57891845703125,0,0.4676,6,256,20,8,100,0.1,1,40,1,10,sgd,MNIST,lenet,gn,100,ckpt7,res7,,,,17295,0,1,0.5,sum,eps_delta,0
0.0039062479045242,4600,10,0.0042666666666666,7,0.57891845703125,0,0.4676,7,256,20,8,100,0.1,1,40,1,10,sgd,MNIST,lenet,gn,100,ckpt7,res7,,,,17295,0,1,0.5,sum,eps_delta,0
0.003906256519258,4600,10,0.0042666666666666,8,0.57891845703125,0,0.4676,8,256,20,8,100,0.1,1,40,1,10,sgd,MNIST,lenet,gn,100,ckpt7,res7,,,,17295,0,1,0.5,sum,eps_delta,0
0.0039062518626451,4600,10,0.0042666666666666,9,0.57891845703125,0,0.4676,9,256,20,8,100,0.1,1,40,1,10,sgd,MNIST,lenet,gn,100,ckpt7,res7,,,,17295,0,1,0.5,sum,eps_delta,0
0.0034942508209496,4900,10,0.0042666666666666,0,0.57891845703125,1,0.5185,0,256,20,8,100,0.1,1,40,1,10,sgd,MNIST,lenet,gn,100,ckpt7,res7,,,,5230,0,1,0.525,sum,eps_delta,0
0.0,4900,10,0.0042666666666666,1,0.57891845703125,1,0.5185,1,256,20,8,100,0.1,1,40,1,10,sgd,MNIST,lenet,gn,100,ckpt7,res7,,,,5230,0,1,0.525,sum,eps_delta,0
0.0039062418509274,4900,10,0.0042666666666666,2,0.57891845703125,0,0.5185,2,256,20,8,100,0.1,1,40,1,10,sgd,MNIST,lenet,gn,100,ckpt7,res7,,,,5230,0,1,0.525,sum,eps_delta,0
1.3699652567413557e-22,4900,10,0.0042666666666666,3,0.57891845703125,1,0.5185,3,256,20,8,100,0.1,1,40,1,10,sgd,MNIST,lenet,gn,100,ckpt7,res7,,,,5230,0,1,0.525,sum,eps_delta,0
1.422660925697039e-12,4900,10,0.0042666666666666,4,0.57891845703125,1,0.5185,4,256,20,8,100,0.1,1,40,1,10,sgd,MNIST,lenet,gn,100,ckpt7,res7,,,,5230,0,1,0.525,sum,eps_delta,0
0.0039062546566128,4900,10,0.0042666666666666,5,0.57891845703125,0,0.5185,5,256,20,8,100,0.1,1,40,1,10,sgd,MNIST,lenet,gn,100,ckpt7,res7,,,,5230,0,1,0.525,sum,eps_delta,0
0.0039062411524355,4900,10,0.0042666666666666,6,0.57891845703125,0,0.5185,6,256,20,8,100,0.1,1,40,1,10,sgd,MNIST,lenet,gn,100,ckpt7,res7,,,,5230,0,1,0.525,sum,eps_delta,0
0.0039062490686774,4900,10,0.0042666666666666,7,0.57891845703125,0,0.5185,7,256,20,8,100,0.1,1,40,1,10,sgd,MNIST,lenet,gn,100,ckpt7,res7,,,,5230,0,1,0.525,sum,eps_delta,0
5.1890093999418254e-08,4900,10,0.0042666666666666,8,0.57891845703125,1,0.5185,8,256,20,8,100,0.1,1,40,1,10,sgd,MNIST,lenet,gn,100,ckpt7,res7,,,,5230,0,1,0.525,sum,eps_delta,0
1.8236525647807863e-05,4900,10,0.0042666666666666,9,0.57891845703125,1,0.5185,9,256,20,8,100,0.1,1,40,1,10,sgd,MNIST,lenet,gn,100,ckpt7,res7,,,,5230,0,1,0.525,sum,eps_delta,0
5.467461119262884e-12,5100,10,0.0042666666666666,0,0.57891845703125,1,0.551,0,256,20,8,100,0.1,1,40,1,10,sgd,MNIST,lenet,gn,100,ckpt7,res7,,,,24952,0,1,0.55,sum,eps_delta,0
8.639074979248311e-17,5100,10,0.0042666666666666,1,0.57891845703125,1,0.551,1,256,20,8,100,0.1,1,40,1,10,sgd,MNIST,lenet,gn,100,ckpt7,res7,,,,24952,0,1,0.55,sum,eps_delta,0
7.414849096676335e-05,5100,10,0.0042666666666666,2,0.57891845703125,1,0.551,2,256,20,8,100,0.1,1,40,1,10,sgd,MNIST,lenet,gn,100,ckpt7,res7,,,,24952,0,1,0.55,sum,eps_delta,0
6.234747960964793e-12,5100,10,0.0042666666666666,3,0.57891845703125,1,0.551,3,256,20,8,100,0.1,1,40,1,10,sgd,MNIST,lenet,gn,100,ckpt7,res7,,,,24952,0,1,0.55,sum,eps_delta,0
8.34287337565104e-13,5100,10,0.0042666666666666,4,0.57891845703125,1,0.551,4,256,20,8,100,0.1,1,40,1,10,sgd,MNIST,lenet,gn,100,ckpt7,res7,,,,24952,0,1,0.55,sum,eps_delta,0
0.0039062523283064,5100,10,0.0042666666666666,5,0.57891845703125,0,0.551,5,256,20,8,100,0.1,1,40,1,10,sgd,MNIST,lenet,gn,100,ckpt7,res7,,,,24952,0,1,0.55,sum,eps_delta,0
4.755504685831454e-17,5100,10,0.0042666666666666,6,0.57891845703125,1,0.551,6,256,20,8,100,0.1,1,40,1,10,sgd,MNIST,lenet,gn,100,ckpt7,res7,,,,24952,0,1,0.55,sum,eps_delta,0
0.003906249301508,5100,10,0.0042666666666666,7,0.57891845703125,0,0.551,7,256,20,8,100,0.1,1,40,1,10,sgd,MNIST,lenet,gn,100,ckpt7,res7,,,,24952,0,1,0.55,sum,eps_delta,0
5.647641727245462e-15,5100,10,0.0042666666666666,8,0.57891845703125,1,0.551,8,256,20,8,100,0.1,1,40,1,10,sgd,MNIST,lenet,gn,100,ckpt7,res7,,,,24952,0,1,0.55,sum,eps_delta,0
6.233170068981053e-08,5100,10,0.0042666666666666,9,0.57891845703125,1,0.551,9,256,20,8,100,0.1,1,40,1,10,sgd,MNIST,lenet,gn,100,ckpt7,res7,,,,24952,0,1,0.55,sum,eps_delta,0
0.0039062518626451,5300,10,0.0042666666666666,0,0.57891845703125,0,0.5019,0,256,20,8,100,0.1,1,40,1,10,sgd,MNIST,lenet,gn,100,ckpt7,res7,,,,30107,0,1,0.575,sum,eps_delta,0
0.0039062551222741,5300,10,0.0042666666666666,1,0.57891845703125,1,0.5019,1,256,20,8,100,0.1,1,40,1,10,sgd,MNIST,lenet,gn,100,ckpt7,res7,,,,30107,0,1,0.575,sum,eps_delta,0
0.0039062541909515,5300,10,0.0042666666666666,2,0.57891845703125,0,0.5019,2,256,20,8,100,0.1,1,40,1,10,sgd,MNIST,lenet,gn,100,ckpt7,res7,,,,30107,0,1,0.575,sum,eps_delta,0
8.297896814113415e-10,5300,10,0.0042666666666666,3,0.57891845703125,1,0.5019,3,256,20,8,100,0.1,1,40,1,10,sgd,MNIST,lenet,gn,100,ckpt7,res7,,,,30107,0,1,0.575,sum,eps_delta,0
0.0039062476716935,5300,10,0.0042666666666666,4,0.57891845703125,0,0.5019,4,256,20,8,100,0.1,1,40,1,10,sgd,MNIST,lenet,gn,100,ckpt7,res7,,,,30107,0,1,0.575,sum,eps_delta,0
0.0039062465075403,5300,10,0.0042666666666666,5,0.57891845703125,0,0.5019,5,256,20,8,100,0.1,1,40,1,10,sgd,MNIST,lenet,gn,100,ckpt7,res7,,,,30107,0,1,0.575,sum,eps_delta,0
0.0009017916163429,5300,10,0.0042666666666666,6,0.57891845703125,1,0.5019,6,256,20,8,100,0.1,1,40,1,10,sgd,MNIST,lenet,gn,100,ckpt7,res7,,,,30107,0,1,0.575,sum,eps_delta,0
0.0039062574505805,5300,10,0.0042666666666666,7,0.57891845703125,0,0.5019,7,256,20,8,100,0.1,1,40,1,10,sgd,MNIST,lenet,gn,100,ckpt7,res7,,,,30107,0,1,0.575,sum,eps_delta,0
0.0039062404539436,5300,10,0.0042666666666666,8,0.57891845703125,0,0.5019,8,256,20,8,100,0.1,1,40,1,10,sgd,MNIST,lenet,gn,100,ckpt7,res7,,,,30107,0,1,0.575,sum,eps_delta,0
3.686689842297142e-11,5300,10,0.0042666666666666,9,0.57891845703125,1,0.5019,9,256,20,8,100,0.1,1,40,1,10,sgd,MNIST,lenet,gn,100,ckpt7,res7,,,,30107,0,1,0.575,sum,eps_delta,0
3.525787877835826e-16,5600,10,0.0042666666666666,0,0.57891845703125,1,0.4338,0,256,20,8,100,0.1,1,40,1,10,sgd,MNIST,lenet,gn,100,ckpt7,res7,,,,15252,0,1,0.6,sum,eps_delta,0
7.794253523846217e-14,5600,10,0.0042666666666666,1,0.57891845703125,1,0.4338,1,256,20,8,100,0.1,1,40,1,10,sgd,MNIST,lenet,gn,100,ckpt7,res7,,,,15252,0,1,0.6,sum,eps_delta,0
2.1859197665927845e-13,5600,10,0.0042666666666666,2,0.57891845703125,1,0.4338,2,256,20,8,100,0.1,1,40,1,10,sgd,MNIST,lenet,gn,100,ckpt7,res7,,,,15252,0,1,0.6,sum,eps_delta,0
0.0039062560535967,5600,10,0.0042666666666666,3,0.57891845703125,0,0.4338,3,256,20,8,100,0.1,1,40,1,10,sgd,MNIST,lenet,gn,100,ckpt7,res7,,,,15252,0,1,0.6,sum,eps_delta,0
7.026193515891062e-10,5600,10,0.0042666666666666,4,0.57891845703125,1,0.4338,4,256,20,8,100,0.1,1,40,1,10,sgd,MNIST,lenet,gn,100,ckpt7,res7,,,,15252,0,1,0.6,sum,eps_delta,0
0.0039062513969838,5600,10,0.0042666666666666,5,0.57891845703125,0,0.4338,5,256,20,8,100,0.1,1,40,1,10,sgd,MNIST,lenet,gn,100,ckpt7,res7,,,,15252,0,1,0.6,sum,eps_delta,0
4.823772997042397e-06,5600,10,0.0042666666666666,6,0.57891845703125,1,0.4338,6,256,20,8,100,0.1,1,40,1,10,sgd,MNIST,lenet,gn,100,ckpt7,res7,,,,15252,0,1,0.6,sum,eps_delta,0
0.0039062453433871,5600,10,0.0042666666666666,7,0.57891845703125,0,0.4338,7,256,20,8,100,0.1,1,40,1,10,sgd,MNIST,lenet,gn,100,ckpt7,res7,,,,15252,0,1,0.6,sum,eps_delta,0
0.0039062497671693,5600,10,0.0042666666666666,8,0.57891845703125,0,0.4338,8,256,20,8,100,0.1,1,40,1,10,sgd,MNIST,lenet,gn,100,ckpt7,res7,,,,15252,0,1,0.6,sum,eps_delta,0
0.003906253259629,5600,10,0.0042666666666666,9,0.57891845703125,0,0.4338,9,256,20,8,100,0.1,1,40,1,10,sgd,MNIST,lenet,gn,100,ckpt7,res7,,,,15252,0,1,0.6,sum,eps_delta,0
8.066911618698214e-07,5800,10,0.0042666666666666,0,0.57891845703125,1,0.4373,0,256,20,8,100,0.1,1,40,1,10,sgd,MNIST,lenet,gn,100,ckpt7,res7,,,,30487,0,1,0.625,sum,eps_delta,0
0.0,5800,10,0.0042666666666666,1,0.57891845703125,1,0.4373,1,256,20,8,100,0.1,1,40,1,10,sgd,MNIST,lenet,gn,100,ckpt7,res7,,,,30487,0,1,0.625,sum,eps_delta,0
1.0855011169041973e-05,5800,10,0.0042666666666666,2,0.57891845703125,1,0.4373,2,256,20,8,100,0.1,1,40,1,10,sgd,MNIST,lenet,gn,100,ckpt7,res7,,,,30487,0,1,0.625,sum,eps_delta,0
0.0039062474388629,5800,10,0.0042666666666666,3,0.57891845703125,0,0.4373,3,256,20,8,100,0.1,1,40,1,10,sgd,MNIST,lenet,gn,100,ckpt7,res7,,,,30487,0,1,0.625,sum,eps_delta,0
0.0039062518626451,5800,10,0.0042666666666666,4,0.57891845703125,0,0.4373,4,256,20,8,100,0.1,1,40,1,10,sgd,MNIST,lenet,gn,100,ckpt7,res7,,,,30487,0,1,0.625,sum,eps_delta,0
0.0039062513969838,5800,10,0.0042666666666666,5,0.57891845703125,0,0.4373,5,256,20,8,100,0.1,1,40,1,10,sgd,MNIST,lenet,gn,100,ckpt7,res7,,,,30487,0,1,0.625,sum,eps_delta,0
7.093596376961386e-09,5800,10,0.0042666666666666,6,0.57891845703125,1,0.4373,6,256,20,8,100,0.1,1,40,1,10,sgd,MNIST,lenet,gn,100,ckpt7,res7,,,,30487,0,1,0.625,sum,eps_delta,0
0.0039062481373548,5800,10,0.0042666666666666,7,0.57891845703125,0,0.4373,7,256,20,8,100,0.1,1,40,1,10,sgd,MNIST,lenet,gn,100,ckpt7,res7,,,,30487,0,1,0.625,sum,eps_delta,0
7.83670541755824e-16,5800,10,0.0042666666666666,8,0.57891845703125,1,0.4373,8,256,20,8,100,0.1,1,40,1,10,sgd,MNIST,lenet,gn,100,ckpt7,res7,,,,30487,0,1,0.625,sum,eps_delta,0
0.0039062462747097,5800,10,0.0042666666666666,9,0.57891845703125,1,0.4373,9,256,20,8,100,0.1,1,40,1,10,sgd,MNIST,lenet,gn,100,ckpt7,res7,,,,30487,0,1,0.625,sum,eps_delta,0
6.024784078746681e-14,6000,10,0.0042666666666666,0,0.57891845703125,1,0.5025,0,256,20,8,100,0.1,1,40,1,10,sgd,MNIST,lenet,gn,100,ckpt7,res7,,,,121,0,1,0.65,sum,eps_delta,0
0.0,6000,10,0.0042666666666666,1,0.57891845703125,1,0.5025,1,256,20,8,100,0.1,1,40,1,10,sgd,MNIST,lenet,gn,100,ckpt7,res7,,,,121,0,1,0.65,sum,eps_delta,0
0.0039062513969838,6000,10,0.0042666666666666,2,0.57891845703125,0,0.5025,2,256,20,8,100,0.1,1,40,1,10,sgd,MNIST,lenet,gn,100,ckpt7,res7,,,,121,0,1,0.65,sum,eps_delta,0
3.7374737492705004e-20,6000,10,0.0042666666666666,3,0.57891845703125,1,0.5025,3,256,20,8,100,0.1,1,40,1,10,sgd,MNIST,lenet,gn,100,ckpt7,res7,,,,121,0,1,0.65,sum,eps_delta,0
4.70243932682024e-09,6000,10,0.0042666666666666,4,0.57891845703125,1,0.5025,4,256,20,8,100,0.1,1,40,1,10,sgd,MNIST,lenet,gn,100,ckpt7,res7,,,,121,0,1,0.65,sum,eps_delta,0
0.003906253259629,6000,10,0.0042666666666666,5,0.57891845703125,0,0.5025,5,256,20,8,100,0.1,1,40,1,10,sgd,MNIST,lenet,gn,100,ckpt7,res7,,,,121,0,1,0.65,sum,eps_delta,0
3.299111915575984e-23,6000,10,0.0042666666666666,6,0.57891845703125,1,0.5025,6,256,20,8,100,0.1,1,40,1,10,sgd,MNIST,lenet,gn,100,ckpt7,res7,,,,121,0,1,0.65,sum,eps_delta,0
0.0039062483701854,6000,10,0.0042666666666666,7,0.57891845703125,1,0.5025,7,256,20,8,100,0.1,1,40,1,10,sgd,MNIST,lenet,gn,100,ckpt7,res7,,,,121,0,1,0.65,sum,eps_delta,0
0.0,6000,10,0.0042666666666666,8,0.57891845703125,1,0.5025,8,256,20,8,100,0.1,1,40,1,10,sgd,MNIST,lenet,gn,100,ckpt7,res7,,,,121,0,1,0.65,sum,eps_delta,0
0.00390625,6000,10,0.0042666666666666,9,0.57891845703125,0,0.5025,9,256,20,8,100,0.1,1,40,1,10,sgd,MNIST,lenet,gn,100,ckpt7,res7,,,,121,0,1,0.65,sum,eps_delta,0
0.0039062513969838,6300,10,0.0042666666666666,0,0.57891845703125,0,0.5331,0,256,20,8,100,0.1,1,40,1,10,sgd,MNIST,lenet,gn,100,ckpt7,res7,,,,14700,0,1,0.675,sum,eps_delta,0
0.0,6300,10,0.0042666666666666,1,0.57891845703125,1,0.5331,1,256,20,8,100,0.1,1,40,1,10,sgd,MNIST,lenet,gn,100,ckpt7,res7,,,,14700,0,1,0.675,sum,eps_delta,0
0.0039062474388629,6300,10,0.0042666666666666,2,0.57891845703125,0,0.5331,2,256,20,8,100,0.1,1,40,1,10,sgd,MNIST,lenet,gn,100,ckpt7,res7,,,,14700,0,1,0.675,sum,eps_delta,0
0.0039062495343387,6300,10,0.0042666666666666,3,0.57891845703125,0,0.5331,3,256,20,8,100,0.1,1,40,1,10,sgd,MNIST,lenet,gn,100,ckpt7,res7,,,,14700,0,1,0.675,sum,eps_delta,0
0.00390625,6300,10,0.0042666666666666,4,0.57891845703125,0,0.5331,4,256,20,8,100,0.1,1,40,1,10,sgd,MNIST,lenet,gn,100,ckpt7,res7,,,,14700,0,1,0.675,sum,eps_delta,0
0.0001496895420132,6300,10,0.0042666666666666,5,0.57891845703125,1,0.5331,5,256,20,8,100,0.1,1,40,1,10,sgd,MNIST,lenet,gn,100,ckpt7,res7,,,,14700,0,1,0.675,sum,eps_delta,0
8.790378059248958e-19,6300,10,0.0042666666666666,6,0.57891845703125,1,0.5331,6,256,20,8,100,0.1,1,40,1,10,sgd,MNIST,lenet,gn,100,ckpt7,res7,,,,14700,0,1,0.675,sum,eps_delta,0
0.003906253259629,6300,10,0.0042666666666666,7,0.57891845703125,0,0.5331,7,256,20,8,100,0.1,1,40,1,10,sgd,MNIST,lenet,gn,100,ckpt7,res7,,,,14700,0,1,0.675,sum,eps_delta,0
0.0,6300,10,0.0042666666666666,8,0.57891845703125,1,0.5331,8,256,20,8,100,0.1,1,40,1,10,sgd,MNIST,lenet,gn,100,ckpt7,res7,,,,14700,0,1,0.675,sum,eps_delta,0
3.1701547421840036e-16,6300,10,0.0042666666666666,9,0.57891845703125,1,0.5331,9,256,20,8,100,0.1,1,40,1,10,sgd,MNIST,lenet,gn,100,ckpt7,res7,,,,14700,0,1,0.675,sum,eps_delta,0
0.0039062434807419,6500,10,0.0042666666666666,0,0.57891845703125,0,0.5397,0,256,20,8,100,0.1,1,40,1,10,sgd,MNIST,lenet,gn,100,ckpt7,res7,,,,27552,0,1,0.7,sum,eps_delta,0
1.590508772399113e-23,6500,10,0.0042666666666666,1,0.57891845703125,1,0.5397,1,256,20,8,100,0.1,1,40,1,10,sgd,MNIST,lenet,gn,100,ckpt7,res7,,,,27552,0,1,0.7,sum,eps_delta,0
0.0039062541909515,6500,10,0.0042666666666666,2,0.57891845703125,0,0.5397,2,256,20,8,100,0.1,1,40,1,10,sgd,MNIST,lenet,gn,100,ckpt7,res7,,,,27552,0,1,0.7,sum,eps_delta,0
3.0213829341194424e-16,6500,10,0.0042666666666666,3,0.57891845703125,1,0.5397,3,256,20,8,100,0.1,1,40,1,10,sgd,MNIST,lenet,gn,100,ckpt7,res7,,,,27552,0,1,0.7,sum,eps_delta,0
0.0039062481373548,6500,10,0.0042666666666666,4,0.57891845703125,0,0.5397,4,256,20,8,100,0.1,1,40,1,10,sgd,MNIST,lenet,gn,100,ckpt7,res7,,,,27552,0,1,0.7,sum,eps_delta,0
0.0039062481373548,6500,10,0.0042666666666666,5,0.57891845703125,0,0.5397,5,256,20,8,100,0.1,1,40,1,10,sgd,MNIST,lenet,gn,100,ckpt7,res7,,,,27552,0,1,0.7,sum,eps_delta,0
1.0461079410175386e-17,6500,10,0.0042666666666666,6,0.57891845703125,1,0.5397,6,256,20,8,100,0.1,1,40,1,10,sgd,MNIST,lenet,gn,100,ckpt7,res7,,,,27552,0,1,0.7,sum,eps_delta,0
9.32998886482572e-11,6500,10,0.0042666666666666,7,0.57891845703125,1,0.5397,7,256,20,8,100,0.1,1,40,1,10,sgd,MNIST,lenet,gn,100,ckpt7,res7,,,,27552,0,1,0.7,sum,eps_delta,0
0.0,6500,10,0.0042666666666666,8,0.57891845703125,1,0.5397,8,256,20,8,100,0.1,1,40,1,10,sgd,MNIST,lenet,gn,100,ckpt7,res7,,,,27552,0,1,0.7,sum,eps_delta,0
1.26025045954492e-09,6500,10,0.0042666666666666,9,0.57891845703125,1,0.5397,9,256,20,8,100,0.1,1,40,1,10,sgd,MNIST,lenet,gn,100,ckpt7,res7,,,,27552,0,1,0.7,sum,eps_delta,0
6.119826312378507e-10,6700,10,0.0042666666666666,0,0.57891845703125,1,0.4956,0,256,20,8,100,0.1,1,40,1,10,sgd,MNIST,lenet,gn,100,ckpt7,res7,,,,13716,0,1,0.725,sum,eps_delta,0
0.0,6700,10,0.0042666666666666,1,0.57891845703125,1,0.4956,1,256,20,8,100,0.1,1,40,1,10,sgd,MNIST,lenet,gn,100,ckpt7,res7,,,,13716,0,1,0.725,sum,eps_delta,0
0.0039062451105564,6700,10,0.0042666666666666,2,0.57891845703125,0,0.4956,2,256,20,8,100,0.1,1,40,1,10,sgd,MNIST,lenet,gn,100,ckpt7,res7,,,,13716,0,1,0.725,sum,eps_delta,0
8.248482452621886e-11,6700,10,0.0042666666666666,3,0.57891845703125,1,0.4956,3,256,20,8,100,0.1,1,40,1,10,sgd,MNIST,lenet,gn,100,ckpt7,res7,,,,13716,0,1,0.725,sum,eps_delta,0
0.0039062513969838,6700,10,0.0042666666666666,4,0.57891845703125,1,0.4956,4,256,20,8,100,0.1,1,40,1,10,sgd,MNIST,lenet,gn,100,ckpt7,res7,,,,13716,0,1,0.725,sum,eps_delta,0
0.003906249301508,6700,10,0.0042666666666666,5,0.57891845703125,0,0.4956,5,256,20,8,100,0.1,1,40,1,10,sgd,MNIST,lenet,gn,100,ckpt7,res7,,,,13716,0,1,0.725,sum,eps_delta,0
1.8329427364752308e-17,6700,10,0.0042666666666666,6,0.57891845703125,1,0.4956,6,256,20,8,100,0.1,1,40,1,10,sgd,MNIST,lenet,gn,100,ckpt7,res7,,,,13716,0,1,0.725,sum,eps_delta,0
2.204003067163285e-05,6700,10,0.0042666666666666,7,0.57891845703125,1,0.4956,7,256,20,8,100,0.1,1,40,1,10,sgd,MNIST,lenet,gn,100,ckpt7,res7,,,,13716,0,1,0.725,sum,eps_delta,0
6.627655617905576e-17,6700,10,0.0042666666666666,8,0.57891845703125,1,0.4956,8,256,20,8,100,0.1,1,40,1,10,sgd,MNIST,lenet,gn,100,ckpt7,res7,,,,13716,0,1,0.725,sum,eps_delta,0
8.115317445822612e-12,6700,10,0.0042666666666666,9,0.57891845703125,1,0.4956,9,256,20,8,100,0.1,1,40,1,10,sgd,MNIST,lenet,gn,100,ckpt7,res7,,,,13716,0,1,0.725,sum,eps_delta,0
0.003906256519258,7000,10,0.0042666666666666,0,0.57891845703125,0,0.5344,0,256,20,8,100,0.1,1,40,1,10,sgd,MNIST,lenet,gn,100,ckpt7,res7,,,,21363,0,1,0.75,sum,eps_delta,0
7.428583378972549e-20,7000,10,0.0042666666666666,1,0.57891845703125,1,0.5344,1,256,20,8,100,0.1,1,40,1,10,sgd,MNIST,lenet,gn,100,ckpt7,res7,,,,21363,0,1,0.75,sum,eps_delta,0
0.0039062513969838,7000,10,0.0042666666666666,2,0.57891845703125,0,0.5344,2,256,20,8,100,0.1,1,40,1,10,sgd,MNIST,lenet,gn,100,ckpt7,res7,,,,21363,0,1,0.75,sum,eps_delta,0
6.970364665903617e-06,7000,10,0.0042666666666666,3,0.57891845703125,1,0.5344,3,256,20,8,100,0.1,1,40,1,10,sgd,MNIST,lenet,gn,100,ckpt7,res7,,,,21363,0,1,0.75,sum,eps_delta,0
2.089513946195009e-16,7000,10,0.0042666666666666,4,0.57891845703125,1,0.5344,4,256,20,8,100,0.1,1,40,1,10,sgd,MNIST,lenet,gn,100,ckpt7,res7,,,,21363,0,1,0.75,sum,eps_delta,0
0.0001322145399171,7000,10,0.0042666666666666,5,0.57891845703125,1,0.5344,5,256,20,8,100,0.1,1,40,1,10,sgd,MNIST,lenet,gn,100,ckpt7,res7,,,,21363,0,1,0.75,sum,eps_delta,0
0.0039062523283064,7000,10,0.0042666666666666,6,0.57891845703125,0,0.5344,6,256,20,8,100,0.1,1,40,1,10,sgd,MNIST,lenet,gn,100,ckpt7,res7,,,,21363,0,1,0.75,sum,eps_delta,0
0.0039062509313225,7000,10,0.0042666666666666,7,0.57891845703125,0,0.5344,7,256,20,8,100,0.1,1,40,1,10,sgd,MNIST,lenet,gn,100,ckpt7,res7,,,,21363,0,1,0.75,sum,eps_delta,0
0.0039062504656612,7000,10,0.0042666666666666,8,0.57891845703125,0,0.5344,8,256,20,8,100,0.1,1,40,1,10,sgd,MNIST,lenet,gn,100,ckpt7,res7,,,,21363,0,1,0.75,sum,eps_delta,0
0.0006484780460596,7000,10,0.0042666666666666,9,0.57891845703125,1,0.5344,9,256,20,8,100,0.1,1,40,1,10,sgd,MNIST,lenet,gn,100,ckpt7,res7,,,,21363,0,1,0.75,sum,eps_delta,0
0.0039062504656612,7200,10,0.0042666666666666,0,0.57891845703125,0,0.5465,0,256,20,8,100,0.1,1,40,1,10,sgd,MNIST,lenet,gn,100,ckpt7,res7,,,,11372,0,1,0.775,sum,eps_delta,0
0.0,7200,10,0.0042666666666666,1,0.57891845703125,1,0.5465,1,256,20,8,100,0.1,1,40,1,10,sgd,MNIST,lenet,gn,100,ckpt7,res7,,,,11372,0,1,0.775,sum,eps_delta,0
0.0,7200,10,0.0042666666666666,2,0.57891845703125,1,0.5465,2,256,20,8,100,0.1,1,40,1,10,sgd,MNIST,lenet,gn,100,ckpt7,res7,,,,11372,0,1,0.775,sum,eps_delta,0
0.0,7200,10,0.0042666666666666,3,0.57891845703125,1,0.5465,3,256,20,8,100,0.1,1,40,1,10,sgd,MNIST,lenet,gn,100,ckpt7,res7,,,,11372,0,1,0.775,sum,eps_delta,0
0.00390625,7200,10,0.0042666666666666,4,0.57891845703125,0,0.5465,4,256,20,8,100,0.1,1,40,1,10,sgd,MNIST,lenet,gn,100,ckpt7,res7,,,,11372,0,1,0.775,sum,eps_delta,0
0.0039062495343387,7200,10,0.0042666666666666,5,0.57891845703125,0,0.5465,5,256,20,8,100,0.1,1,40,1,10,sgd,MNIST,lenet,gn,100,ckpt7,res7,,,,11372,0,1,0.775,sum,eps_delta,0
7.153439582907595e-07,7200,10,0.0042666666666666,6,0.57891845703125,1,0.5465,6,256,20,8,100,0.1,1,40,1,10,sgd,MNIST,lenet,gn,100,ckpt7,res7,,,,11372,0,1,0.775,sum,eps_delta,0
2.345176415293837e-16,7200,10,0.0042666666666666,7,0.57891845703125,1,0.5465,7,256,20,8,100,0.1,1,40,1,10,sgd,MNIST,lenet,gn,100,ckpt7,res7,,,,11372,0,1,0.775,sum,eps_delta,0
7.729030442801832e-22,7200,10,0.0042666666666666,8,0.57891845703125,1,0.5465,8,256,20,8,100,0.1,1,40,1,10,sgd,MNIST,lenet,gn,100,ckpt7,res7,,,,11372,0,1,0.775,sum,eps_delta,0
0.0039062523283064,7200,10,0.0042666666666666,9,0.57891845703125,0,0.5465,9,256,20,8,100,0.1,1,40,1,10,sgd,MNIST,lenet,gn,100,ckpt7,res7,,,,11372,0,1,0.775,sum,eps_delta,0
0.0039062509313225,7400,10,0.0042666666666666,0,0.57891845703125,0,0.5302,0,256,20,8,100,0.1,1,40,1,10,sgd,MNIST,lenet,gn,100,ckpt7,res7,,,,28298,0,1,0.8,sum,eps_delta,0
0.0,7400,10,0.0042666666666666,1,0.57891845703125,1,0.5302,1,256,20,8,100,0.1,1,40,1,10,sgd,MNIST,lenet,gn,100,ckpt7,res7,,,,28298,0,1,0.8,sum,eps_delta,0
0.0,7400,10,0.0042666666666666,2,0.57891845703125,1,0.5302,2,256,20,8,100,0.1,1,40,1,10,sgd,MNIST,lenet,gn,100,ckpt7,res7,,,,28298,0,1,0.8,sum,eps_delta,0
0.0,7400,10,0.0042666666666666,3,0.57891845703125,1,0.5302,3,256,20,8,100,0.1,1,40,1,10,sgd,MNIST,lenet,gn,100,ckpt7,res7,,,,28298,0,1,0.8,sum,eps_delta,0
0.0039062523283064,7400,10,0.0042666666666666,4,0.57891845703125,0,0.5302,4,256,20,8,100,0.1,1,40,1,10,sgd,MNIST,lenet,gn,100,ckpt7,res7,,,,28298,0,1,0.8,sum,eps_delta,0
0.0039062513969838,7400,10,0.0042666666666666,5,0.57891845703125,0,0.5302,5,256,20,8,100,0.1,1,40,1,10,sgd,MNIST,lenet,gn,100,ckpt7,res7,,,,28298,0,1,0.8,sum,eps_delta,0
4.121283836866496e-06,7400,10,0.0042666666666666,6,0.57891845703125,1,0.5302,6,256,20,8,100,0.1,1,40,1,10,sgd,MNIST,lenet,gn,100,ckpt7,res7,,,,28298,0,1,0.8,sum,eps_delta,0
0.0039062490686774,7400,10,0.0042666666666666,7,0.57891845703125,0,0.5302,7,256,20,8,100,0.1,1,40,1,10,sgd,MNIST,lenet,gn,100,ckpt7,res7,,,,28298,0,1,0.8,sum,eps_delta,0
1.0256128168961711e-09,7400,10,0.0042666666666666,8,0.57891845703125,1,0.5302,8,256,20,8,100,0.1,1,40,1,10,sgd,MNIST,lenet,gn,100,ckpt7,res7,,,,28298,0,1,0.8,sum,eps_delta,0
1.6488018090600465e-14,7400,10,0.0042666666666666,9,0.57891845703125,1,0.5302,9,256,20,8,100,0.1,1,40,1,10,sgd,MNIST,lenet,gn,100,ckpt7,res7,,,,28298,0,1,0.8,sum,eps_delta,0
2.5513990919989737e-08,7700,10,0.0042666666666666,0,0.57891845703125,1,0.5172,0,256,20,8,100,0.1,1,40,1,10,sgd,MNIST,lenet,gn,100,ckpt7,res7,,,,18316,0,1,0.825,sum,eps_delta,0
0.0,7700,10,0.0042666666666666,1,0.57891845703125,1,0.5172,1,256,20,8,100,0.1,1,40,1,10,sgd,MNIST,lenet,gn,100,ckpt7,res7,,,,18316,0,1,0.825,sum,eps_delta,0
4.261111896544743e-15,7700,10,0.0042666666666666,2,0.57891845703125,1,0.5172,2,256,20,8,100,0.1,1,40,1,10,sgd,MNIST,lenet,gn,100,ckpt7,res7,,,,18316,0,1,0.825,sum,eps_delta,0
1.516552860939338e-13,7700,10,0.0042666666666666,3,0.57891845703125,1,0.5172,3,256,20,8,100,0.1,1,40,1,10,sgd,MNIST,lenet,gn,100,ckpt7,res7,,,,18316,0,1,0.825,sum,eps_delta,0
3.598824255095223e-13,7700,10,0.0042666666666666,4,0.57891845703125,1,0.5172,4,256,20,8,100,0.1,1,40,1,10,sgd,MNIST,lenet,gn,100,ckpt7,res7,,,,18316,0,1,0.825,sum,eps_delta,0
0.0039062555879354,7700,10,0.0042666666666666,5,0.57891845703125,0,0.5172,5,256,20,8,100,0.1,1,40,1,10,sgd,MNIST,lenet,gn,100,ckpt7,res7,,,,18316,0,1,0.825,sum,eps_delta,0
0.0039062523283064,7700,10,0.0042666666666666,6,0.57891845703125,0,0.5172,6,256,20,8,100,0.1,1,40,1,10,sgd,MNIST,lenet,gn,100,ckpt7,res7,,,,18316,0,1,0.825,sum,eps_delta,0
0.0039062518626451,7700,10,0.0042666666666666,7,0.57891845703125,0,0.5172,7,256,20,8,100,0.1,1,40,1,10,sgd,MNIST,lenet,gn,100,ckpt7,res7,,,,18316,0,1,0.825,sum,eps_delta,0
0.0039062476716935,7700,10,0.0042666666666666,8,0.57891845703125,0,0.5172,8,256,20,8,100,0.1,1,40,1,10,sgd,MNIST,lenet,gn,100,ckpt7,res7,,,,18316,0,1,0.825,sum,eps_delta,0
8.016047915238631e-15,7700,10,0.0042666666666666,9,0.57891845703125,1,0.5172,9,256,20,8,100,0.1,1,40,1,10,sgd,MNIST,lenet,gn,100,ckpt7,res7,,,,18316,0,1,0.825,sum,eps_delta,0
0.0039062497671693,7900,10,0.0042666666666666,0,0.57891845703125,0,0.5483,0,256,20,8,100,0.1,1,40,1,10,sgd,MNIST,lenet,gn,100,ckpt7,res7,,,,19723,0,1,0.85,sum,eps_delta,0
0.0039062551222741,7900,10,0.0042666666666666,1,0.57891845703125,1,0.5483,1,256,20,8,100,0.1,1,40,1,10,sgd,MNIST,lenet,gn,100,ckpt7,res7,,,,19723,0,1,0.85,sum,eps_delta,0
0.0039062488358467,7900,10,0.0042666666666666,2,0.57891845703125,0,0.5483,2,256,20,8,100,0.1,1,40,1,10,sgd,MNIST,lenet,gn,100,ckpt7,res7,,,,19723,0,1,0.85,sum,eps_delta,0
2.026902867768854e-09,7900,10,0.0042666666666666,3,0.57891845703125,1,0.5483,3,256,20,8,100,0.1,1,40,1,10,sgd,MNIST,lenet,gn,100,ckpt7,res7,,,,19723,0,1,0.85,sum,eps_delta,0
1.980497654585633e-05,7900,10,0.0042666666666666,4,0.57891845703125,1,0.5483,4,256,20,8,100,0.1,1,40,1,10,sgd,MNIST,lenet,gn,100,ckpt7,res7,,,,19723,0,1,0.85,sum,eps_delta,0
2.848398850119338e-09,7900,10,0.0042666666666666,5,0.57891845703125,1,0.5483,5,256,20,8,100,0.1,1,40,1,10,sgd,MNIST,lenet,gn,100,ckpt7,res7,,,,19723,0,1,0.85,sum,eps_delta,0
0.00390625,7900,10,0.0042666666666666,6,0.57891845703125,0,0.5483,6,256,20,8,100,0.1,1,40,1,10,sgd,MNIST,lenet,gn,100,ckpt7,res7,,,,19723,0,1,0.85,sum,eps_delta,0
0.0039062486030161,7900,10,0.0042666666666666,7,0.57891845703125,0,0.5483,7,256,20,8,100,0.1,1,40,1,10,sgd,MNIST,lenet,gn,100,ckpt7,res7,,,,19723,0,1,0.85,sum,eps_delta,0
1.1196855737860692e-16,7900,10,0.0042666666666666,8,0.57891845703125,1,0.5483,8,256,20,8,100,0.1,1,40,1,10,sgd,MNIST,lenet,gn,100,ckpt7,res7,,,,19723,0,1,0.85,sum,eps_delta,0
1.4401616262961675e-24,7900,10,0.0042666666666666,9,0.57891845703125,1,0.5483,9,256,20,8,100,0.1,1,40,1,10,sgd,MNIST,lenet,gn,100,ckpt7,res7,,,,19723,0,1,0.85,sum,eps_delta,0
0.0039062504656612,8100,10,0.0042666666666666,0,0.57891845703125,0,0.5354,0,256,20,8,100,0.1,1,40,1,10,sgd,MNIST,lenet,gn,100,ckpt7,res7,,,,6658,0,1,0.875,sum,eps_delta,0
0.0,8100,10,0.0042666666666666,1,0.57891845703125,1,0.5354,1,256,20,8,100,0.1,1,40,1,10,sgd,MNIST,lenet,gn,100,ckpt7,res7,,,,6658,0,1,0.875,sum,eps_delta,0
0.0039062495343387,8100,10,0.0042666666666666,2,0.57891845703125,0,0.5354,2,256,20,8,100,0.1,1,40,1,10,sgd,MNIST,lenet,gn,100,ckpt7,res7,,,,6658,0,1,0.875,sum,eps_delta,0
4.989167733491646e-21,8100,10,0.0042666666666666,3,0.57891845703125,1,0.5354,3,256,20,8,100,0.1,1,40,1,10,sgd,MNIST,lenet,gn,100,ckpt7,res7,,,,6658,0,1,0.875,sum,eps_delta,0
2.7845853923506018e-21,8100,10,0.0042666666666666,4,0.57891845703125,1,0.5354,4,256,20,8,100,0.1,1,40,1,10,sgd,MNIST,lenet,gn,100,ckpt7,res7,,,,6658,0,1,0.875,sum,eps_delta,0
0.0039062455762177,8100,10,0.0042666666666666,5,0.57891845703125,1,0.5354,5,256,20,8,100,0.1,1,40,1,10,sgd,MNIST,lenet,gn,100,ckpt7,res7,,,,6658,0,1,0.875,sum,eps_delta,0
0.0039062504656612,8100,10,0.0042666666666666,6,0.57891845703125,0,0.5354,6,256,20,8,100,0.1,1,40,1,10,sgd,MNIST,lenet,gn,100,ckpt7,res7,,,,6658,0,1,0.875,sum,eps_delta,0
0.0039062523283064,8100,10,0.0042666666666666,7,0.57891845703125,1,0.5354,7,256,20,8,100,0.1,1,40,1,10,sgd,MNIST,lenet,gn,100,ckpt7,res7,,,,6658,0,1,0.875,sum,eps_delta,0
1.4360614785722884e-17,8100,10,0.0042666666666666,8,0.57891845703125,1,0.5354,8,256,20,8,100,0.1,1,40,1,10,sgd,MNIST,lenet,gn,100,ckpt7,res7,,,,6658,0,1,0.875,sum,eps_delta,0
0.0039062504656612,8100,10,0.0042666666666666,9,0.57891845703125,0,0.5354,9,256,20,8,100,0.1,1,40,1,10,sgd,MNIST,lenet,gn,100,ckpt7,res7,,,,6658,0,1,0.875,sum,eps_delta,0
0.0039062513969838,8400,10,0.0042666666666666,0,0.57891845703125,0,0.557,0,256,20,8,100,0.1,1,40,1,10,sgd,MNIST,lenet,gn,100,ckpt7,res7,,,,15593,0,1,0.9,sum,eps_delta,0
0.0,8400,10,0.0042666666666666,1,0.57891845703125,1,0.557,1,256,20,8,100,0.1,1,40,1,10,sgd,MNIST,lenet,gn,100,ckpt7,res7,,,,15593,0,1,0.9,sum,eps_delta,0
9.864805861070636e-09,8400,10,0.0042666666666666,2,0.57891845703125,1,0.557,2,256,20,8,100,0.1,1,40,1,10,sgd,MNIST,lenet,gn,100,ckpt7,res7,,,,15593,0,1,0.9,sum,eps_delta,0
0.0,8400,10,0.0042666666666666,3,0.57891845703125,1,0.557,3,256,20,8,100,0.1,1,40,1,10,sgd,MNIST,lenet,gn,100,ckpt7,res7,,,,15593,0,1,0.9,sum,eps_delta,0
8.60037744132569e-06,8400,10,0.0042666666666666,4,0.57891845703125,1,0.557,4,256,20,8,100,0.1,1,40,1,10,sgd,MNIST,lenet,gn,100,ckpt7,res7,,,,15593,0,1,0.9,sum,eps_delta,0
0.0039062509313225,8400,10,0.0042666666666666,5,0.57891845703125,0,0.557,5,256,20,8,100,0.1,1,40,1,10,sgd,MNIST,lenet,gn,100,ckpt7,res7,,,,15593,0,1,0.9,sum,eps_delta,0
0.0039062527939677,8400,10,0.0042666666666666,6,0.57891845703125,0,0.557,6,256,20,8,100,0.1,1,40,1,10,sgd,MNIST,lenet,gn,100,ckpt7,res7,,,,15593,0,1,0.9,sum,eps_delta,0
0.0001391381665598,8400,10,0.0042666666666666,7,0.57891845703125,1,0.557,7,256,20,8,100,0.1,1,40,1,10,sgd,MNIST,lenet,gn,100,ckpt7,res7,,,,15593,0,1,0.9,sum,eps_delta,0
3.3848908953772186e-17,8400,10,0.0042666666666666,8,0.57891845703125,1,0.557,8,256,20,8,100,0.1,1,40,1,10,sgd,MNIST,lenet,gn,100,ckpt7,res7,,,,15593,0,1,0.9,sum,eps_delta,0
1.3447526512472274e-12,8400,10,0.0042666666666666,9,0.57891845703125,1,0.557,9,256,20,8,100,0.1,1,40,1,10,sgd,MNIST,lenet,gn,100,ckpt7,res7,,,,15593,0,1,0.9,sum,eps_delta,0
0.0039062488358467,8600,10,0.0042666666666666,0,0.57891845703125,0,0.5596,0,256,20,8,100,0.1,1,40,1,10,sgd,MNIST,lenet,gn,100,ckpt7,res7,,,,9896,0,1,0.925,sum,eps_delta,0
2.286605150017551e-12,8600,10,0.0042666666666666,1,0.57891845703125,1,0.5596,1,256,20,8,100,0.1,1,40,1,10,sgd,MNIST,lenet,gn,100,ckpt7,res7,,,,9896,0,1,0.925,sum,eps_delta,0
2.4018276516962755e-14,8600,10,0.0042666666666666,2,0.57891845703125,1,0.5596,2,256,20,8,100,0.1,1,40,1,10,sgd,MNIST,lenet,gn,100,ckpt7,res7,,,,9896,0,1,0.925,sum,eps_delta,0
6.748654557067822e-23,8600,10,0.0042666666666666,3,0.57891845703125,1,0.5596,3,256,20,8,100,0.1,1,40,1,10,sgd,MNIST,lenet,gn,100,ckpt7,res7,,,,9896,0,1,0.925,sum,eps_delta,0
2.5228966677601863e-20,8600,10,0.0042666666666666,4,0.57891845703125,1,0.5596,4,256,20,8,100,0.1,1,40,1,10,sgd,MNIST,lenet,gn,100,ckpt7,res7,,,,9896,0,1,0.925,sum,eps_delta,0
0.0039062474388629,8600,10,0.0042666666666666,5,0.57891845703125,0,0.5596,5,256,20,8,100,0.1,1,40,1,10,sgd,MNIST,lenet,gn,100,ckpt7,res7,,,,9896,0,1,0.925,sum,eps_delta,0
0.0039062479045242,8600,10,0.0042666666666666,6,0.57891845703125,0,0.5596,6,256,20,8,100,0.1,1,40,1,10,sgd,MNIST,lenet,gn,100,ckpt7,res7,,,,9896,0,1,0.925,sum,eps_delta,0
0.0039062495343387,8600,10,0.0042666666666666,7,0.57891845703125,0,0.5596,7,256,20,8,100,0.1,1,40,1,10,sgd,MNIST,lenet,gn,100,ckpt7,res7,,,,9896,0,1,0.925,sum,eps_delta,0
7.997982847146229e-20,8600,10,0.0042666666666666,8,0.57891845703125,1,0.5596,8,256,20,8,100,0.1,1,40,1,10,sgd,MNIST,lenet,gn,100,ckpt7,res7,,,,9896,0,1,0.925,sum,eps_delta,0
0.0039062481373548,8600,10,0.0042666666666666,9,0.57891845703125,0,0.5596,9,256,20,8,100,0.1,1,40,1,10,sgd,MNIST,lenet,gn,100,ckpt7,res7,,,,9896,0,1,0.925,sum,eps_delta,0
0.0039062390569597,8800,10,0.0042666666666666,0,0.57891845703125,0,0.5697,0,256,20,8,100,0.1,1,40,1,10,sgd,MNIST,lenet,gn,100,ckpt7,res7,,,,29077,0,1,0.95,sum,eps_delta,0
3.394874896304384e-23,8800,10,0.0042666666666666,1,0.57891845703125,1,0.5697,1,256,20,8,100,0.1,1,40,1,10,sgd,MNIST,lenet,gn,100,ckpt7,res7,,,,29077,0,1,0.95,sum,eps_delta,0
1.5536062694605449e-22,8800,10,0.0042666666666666,2,0.57891845703125,1,0.5697,2,256,20,8,100,0.1,1,40,1,10,sgd,MNIST,lenet,gn,100,ckpt7,res7,,,,29077,0,1,0.95,sum,eps_delta,0
0.0,8800,10,0.0042666666666666,3,0.57891845703125,1,0.5697,3,256,20,8,100,0.1,1,40,1,10,sgd,MNIST,lenet,gn,100,ckpt7,res7,,,,29077,0,1,0.95,sum,eps_delta,0
0.0039062458090484,8800,10,0.0042666666666666,4,0.57891845703125,0,0.5697,4,256,20,8,100,0.1,1,40,1,10,sgd,MNIST,lenet,gn,100,ckpt7,res7,,,,29077,0,1,0.95,sum,eps_delta,0
0.0039062513969838,8800,10,0.0042666666666666,5,0.57891845703125,0,0.5697,5,256,20,8,100,0.1,1,40,1,10,sgd,MNIST,lenet,gn,100,ckpt7,res7,,,,29077,0,1,0.95,sum,eps_delta,0
1.3415601962663004e-08,8800,10,0.0042666666666666,6,0.57891845703125,1,0.5697,6,256,20,8,100,0.1,1,40,1,10,sgd,MNIST,lenet,gn,100,ckpt7,res7,,,,29077,0,1,0.95,sum,eps_delta,0
2.6543583997451487e-10,8800,10,0.0042666666666666,7,0.57891845703125,1,0.5697,7,256,20,8,100,0.1,1,40,1,10,sgd,MNIST,lenet,gn,100,ckpt7,res7,,,,29077,0,1,0.95,sum,eps_delta,0
1.3058003787591588e-05,8800,10,0.0042666666666666,8,0.57891845703125,1,0.5697,8,256,20,8,100,0.1,1,40,1,10,sgd,MNIST,lenet,gn,100,ckpt7,res7,,,,29077,0,1,0.95,sum,eps_delta,0
1.9195811606920188e-09,8800,10,0.0042666666666666,9,0.57891845703125,1,0.5697,9,256,20,8,100,0.1,1,40,1,10,sgd,MNIST,lenet,gn,100,ckpt7,res7,,,,29077,0,1,0.95,sum,eps_delta,0
0.0039062504656612,9100,10,0.0042666666666666,0,0.57891845703125,0,0.5672,0,256,20,8,100,0.1,1,40,1,10,sgd,MNIST,lenet,gn,100,ckpt7,res7,,,,27182,0,1,0.975,sum,eps_delta,0
1.3718677962628654e-16,9100,10,0.0042666666666666,1,0.57891845703125,1,0.5672,1,256,20,8,100,0.1,1,40,1,10,sgd,MNIST,lenet,gn,100,ckpt7,res7,,,,27182,0,1,0.975,sum,eps_delta,0
1.6430151510149482e-13,9100,10,0.0042666666666666,2,0.57891845703125,1,0.5672,2,256,20,8,100,0.1,1,40,1,10,sgd,MNIST,lenet,gn,100,ckpt7,res7,,,,27182,0,1,0.975,sum,eps_delta,0
3.1568726077039756e-21,9100,10,0.0042666666666666,3,0.57891845703125,1,0.5672,3,256,20,8,100,0.1,1,40,1,10,sgd,MNIST,lenet,gn,100,ckpt7,res7,,,,27182,0,1,0.975,sum,eps_delta,0
0.0039062474388629,9100,10,0.0042666666666666,4,0.57891845703125,0,0.5672,4,256,20,8,100,0.1,1,40,1,10,sgd,MNIST,lenet,gn,100,ckpt7,res7,,,,27182,0,1,0.975,sum,eps_delta,0
0.0039062523283064,9100,10,0.0042666666666666,5,0.57891845703125,0,0.5672,5,256,20,8,100,0.1,1,40,1,10,sgd,MNIST,lenet,gn,100,ckpt7,res7,,,,27182,0,1,0.975,sum,eps_delta,0
3.444735002886695e-13,9100,10,0.0042666666666666,6,0.57891845703125,1,0.5672,6,256,20,8,100,0.1,1,40,1,10,sgd,MNIST,lenet,gn,100,ckpt7,res7,,,,27182,0,1,0.975,sum,eps_delta,0
4.431407887750538e-06,9100,10,0.0042666666666666,7,0.57891845703125,1,0.5672,7,256,20,8,100,0.1,1,40,1,10,sgd,MNIST,lenet,gn,100,ckpt7,res7,,,,27182,0,1,0.975,sum,eps_delta,0
1.940163597411777e-20,9100,10,0.0042666666666666,8,0.57891845703125,1,0.5672,8,256,20,8,100,0.1,1,40,1,10,sgd,MNIST,lenet,gn,100,ckpt7,res7,,,,27182,0,1,0.975,sum,eps_delta,0
9.797875705208624e-11,9100,10,0.0042666666666666,9,0.57891845703125,1,0.5672,9,256,20,8,100,0.1,1,40,1,10,sgd,MNIST,lenet,gn,100,ckpt7,res7,,,,27182,0,1,0.975,sum,eps_delta,0
0.00012064838665537536,9300,10,0.004266666666666667,0,0.57891845703125,1,0.568,0,256,20,8,100,0.1,1,40,1,10,sgd,MNIST,lenet,gn,100,ckpt7,res7,,,,17201,0,1,1.000,sum,eps_delta,0
0.0,9300,10,0.004266666666666667,1,0.57891845703125,1,0.568,1,256,20,8,100,0.1,1,40,1,10,sgd,MNIST,lenet,gn,100,ckpt7,res7,,,,17201,0,1,1.000,sum,eps_delta,0
4.102017336915509e-11,9300,10,0.004266666666666667,2,0.57891845703125,1,0.568,2,256,20,8,100,0.1,1,40,1,10,sgd,MNIST,lenet,gn,100,ckpt7,res7,,,,17201,0,1,1.000,sum,eps_delta,0
2.1084733958787183e-08,9300,10,0.004266666666666667,3,0.57891845703125,1,0.568,3,256,20,8,100,0.1,1,40,1,10,sgd,MNIST,lenet,gn,100,ckpt7,res7,,,,17201,0,1,1.000,sum,eps_delta,0
0.003906252793967724,9300,10,0.004266666666666667,4,0.57891845703125,0,0.568,4,256,20,8,100,0.1,1,40,1,10,sgd,MNIST,lenet,gn,100,ckpt7,res7,,,,17201,0,1,1.000,sum,eps_delta,0
0.0016070097917690873,9300,10,0.004266666666666667,5,0.57891845703125,1,0.568,5,256,20,8,100,0.1,1,40,1,10,sgd,MNIST,lenet,gn,100,ckpt7,res7,,,,17201,0,1,1.000,sum,eps_delta,0
1.401332814957193e-20,9300,10,0.004266666666666667,6,0.57891845703125,1,0.568,6,256,20,8,100,0.1,1,40,1,10,sgd,MNIST,lenet,gn,100,ckpt7,res7,,,,17201,0,1,1.000,sum,eps_delta,0
4.624080266237912e-25,9300,10,0.004266666666666667,7,0.57891845703125,1,0.568,7,256,20,8,100,0.1,1,40,1,10,sgd,MNIST,lenet,gn,100,ckpt7,res7,,,,17201,0,1,1.000,sum,eps_delta,0
2.086511743792585e-16,9300,10,0.004266666666666667,8,0.57891845703125,1,0.568,8,256,20,8,100,0.1,1,40,1,10,sgd,MNIST,lenet,gn,100,ckpt7,res7,,,,17201,0,1,1.000,sum,eps_delta,0
5.6237531680380926e-06,9300,10,0.004266666666666667,9,0.57891845703125,1,0.568,9,256,20,8,100,0.1,1,40,1,10,sgd,MNIST,lenet,gn,100,ckpt7,res7,,,,17201,0,1,1.000,sum,eps_delta,0
